,Unnamed: 0,created_at,lang,author_id,text,id,text_token,emoji_free_tweets,url_free_tweets,tokens,tokens_back_to_text,lemmas,lemmas_back_to_text,lemma_tokens,positive_sentiment,negative_sentiment,sentiment_tokens,len_tokens,has_positive,has_negative,label
1,1,2022-09-09T23:59:21.000Z,en,1515895379329708032,RT @dvdmckay: We‚Äôve got a new paper out on climate #TippingPoints in @ScienceMagazine: ‚ÄúExceeding 1.5¬∞C global warming could trigger multip‚Ä¶,1568388623288107008,"['@dvdmckay:', 'we‚Äôve', 'got', 'new', 'paper', 'climate', '#tippingpoints', '@sciencemagazine:', '‚Äúexceeding', '1.5¬∞c', 'global', 'warming', 'trigger', 'multip‚Ä¶']",RT @dvdmckay: We‚Äôve got a new paper out on climate #TippingPoints in @ScienceMagazine: ‚ÄúExceeding 1.5¬∞C global warming could trigger multip‚Ä¶,RT @dvdmckay: We‚Äôve got a new paper out on climate #TippingPoints in @ScienceMagazine: ‚ÄúExceeding 1.5¬∞C global warming could trigger multip‚Ä¶,"['rt', '@dvdmckay:', 'we‚Äôve', 'new', 'paper', '#tippingpoints', '@sciencemagazine:', '‚Äúexceeding', '1.5¬∞c', 'global', 'warming', 'trigger', 'multip‚Ä¶']",rt @dvdmckay: we‚Äôve new paper #tippingpoints @sciencemagazine: ‚Äúexceeding 1.5¬∞c global warming trigger multip‚Ä¶,"['rt', '@dvdmckay', 'new', 'paper', 'tippingpoint', '@sciencemagazine', 'exceed', '1.5', '¬∞', 'c', 'global', 'warming', 'trigger', 'multip']",rt @dvdmckay new paper tippingpoint @sciencemagazine exceed 1.5 ¬∞ c global warming trigger multip,"['rt', 'dvdmckay', 'new', 'paper', 'tippingpoint', 'sciencemagazine', 'exceed', '1.5', '¬∞', 'c', 'global', 'warming', 'trigger', 'multip']",['exceed'],[],['exceed'],1,1,0,1
2,2,2022-09-09T23:59:16.000Z,en,1547977583714660355,RT @DEATHBALL13: Let's not forget good old #CharlieChester and the propaganda machine @CNN. #ClimateChange #FakeNews #DemocratsAreDestroyin‚Ä¶,1568388601926524928,"['@deathball13:', ""let's"", 'forget', 'good', 'old', '#charliechester', 'propaganda', 'machine', '@cnn.', '#climatechange', '#fakenews', '#democratsaredestroyin‚Ä¶']",RT @DEATHBALL13: Let's not forget good old #CharlieChester and the propaganda machine @CNN. #ClimateChange #FakeNews #DemocratsAreDestroyin‚Ä¶,RT @DEATHBALL13: Let's not forget good old #CharlieChester and the propaganda machine @CNN. #ClimateChange #FakeNews #DemocratsAreDestroyin‚Ä¶,"['rt', '@deathball13:', ""let's"", 'forget', 'good', 'old', '#charliechester', 'propaganda', 'machine', '@cnn.', '#climatechange', '#fakenews', '#democratsaredestroyin‚Ä¶']",rt @deathball13: let's forget good old #charliechester propaganda machine @cnn. #climatechange #fakenews #democratsaredestroyin‚Ä¶,"['rt', '@deathball13', 'let', 'forget', 'good', 'old', 'charliechester', 'propaganda', 'machine', '@cnn', 'climatechange', 'fakenew', 'democratsaredestroyin']",rt @deathball13 let forget good old charliechester propaganda machine @cnn climatechange fakenew democratsaredestroyin,"['rt', 'deathball13', 'let', 'forget', 'good', 'old', 'charliechester', 'propaganda', 'machine', 'cnn', 'climatechange', 'fakenew', 'democratsaredestroyin']",['good'],['propaganda'],"['good', 'propaganda']",2,1,1,0
3,3,2022-09-09T23:58:51.000Z,en,1302354043793223680,"RT @EnergyLiveNews: Prime Minister Liz Truss announced measures today that will see energy bills frozen at ¬£2,500 to fight the energy and c‚Ä¶",1568388497152638978,"['@energylivenews:', 'prime', 'minister', 'liz', 'truss', 'announced', 'measures', 'today', 'energy', 'bills', 'frozen', '¬£2,500', 'fight', 'energy', 'c‚Ä¶']","RT @EnergyLiveNews: Prime Minister Liz Truss announced measures today that will see energy bills frozen at ¬£2,500 to fight the energy and c‚Ä¶","RT @EnergyLiveNews: Prime Minister Liz Truss announced measures today that will see energy bills frozen at ¬£2,500 to fight the energy and c‚Ä¶","['rt', '@energylivenews:', 'prime', 'minister', 'liz', 'truss', 'announced', 'measures', 'today', 'energy', 'bills', 'frozen', '¬£2,500', 'fight', 'energy', 'c‚Ä¶']","rt @energylivenews: prime minister liz truss announced measures today energy bills frozen ¬£2,500 fight energy c‚Ä¶","['rt', '@energylivenews', 'prime', 'minister', 'liz', 'truss', 'announce', 'measure', 'today', 'energy', 'bill', 'freeze', '¬£', '2,500', 'fight', 'energy', 'c']","rt @energylivenews prime minister liz truss announce measure today energy bill freeze ¬£ 2,500 fight energy c","['rt', 'energylivenews', 'prime', 'minister', 'liz', 'truss', 'announce', 'measure', 'today', 'energy', 'bill', 'freeze', '¬£', '2,500', 'fight', 'energy', 'c']",[],['freeze'],['freeze'],1,0,1,-1
4,4,2022-09-09T23:58:45.000Z,en,126075164,RT @EnergyHouseVA: Energy Crisis Will Be Short-Lived &amp; Reap #climatechange #environment #sustai‚Ä¶,1568388472695853056,"['@energyhouseva:', 'energy', 'crisis', 'short-lived', 'reap', '#climatechange', '#environment', '#sustai‚Ä¶']",RT @EnergyHouseVA: Energy Crisis Will Be Short-Lived &amp; Reap #climatechange #environment #sustai‚Ä¶,RT @EnergyHouseVA: Energy Crisis Will Be Short-Lived &amp; Reap #climatechange #environment #sustai‚Ä¶,"['rt', '@energyhouseva:', 'energy', 'crisis', 'short-lived', 'reap', '#climatechange', '#environment', '#sustai‚Ä¶']",rt @energyhouseva: energy crisis short-lived reap #climatechange #environment #sustai‚Ä¶,"['rt', '@energyhouseva', 'energy', 'crisis', 'short', 'live', 'reap', 'climatechange', 'environment', 'sustai']",rt @energyhouseva energy crisis short live reap climatechange environment sustai,"['rt', 'energyhouseva', 'energy', 'crisis', 'short', 'live', 'reap', 'climatechange', 'environment', 'sustai']",[],['crisis'],['crisis'],1,0,1,-1
5,5,2022-09-09T23:58:39.000Z,en,80890155,"RT @NickKristof: We just lost power here at @KristofFarms here in rural Oregon, apparently because @portlandgeneral shut off electrical lin‚Ä¶",1568388444430245888,"['@nickkristof:', 'lost', 'power', '@kristoffarms', 'rural', 'oregon,', 'apparently', '@portlandgeneral', 'shut', 'electrical', 'lin‚Ä¶']","RT @NickKristof: We just lost power here at @KristofFarms here in rural Oregon, apparently because @portlandgeneral shut off electrical lin‚Ä¶","RT @NickKristof: We just lost power here at @KristofFarms here in rural Oregon, apparently because @portlandgeneral shut off electrical lin‚Ä¶","['rt', '@nickkristof:', 'lost', 'power', '@kristoffarms', 'rural', 'oregon,', 'apparently', '@portlandgeneral', 'shut', 'electrical', 'lin‚Ä¶']","rt @nickkristof: lost power @kristoffarms rural oregon, apparently @portlandgeneral shut electrical lin‚Ä¶","['rt', '@nickkristof', 'lose', 'power', '@kristoffarm', 'rural', 'oregon', 'apparently', '@portlandgeneral', 'shut', 'electrical', 'lin']",rt @nickkristof lose power @kristoffarm rural oregon apparently @portlandgeneral shut electrical lin,"['rt', 'nickkristof', 'lose', 'power', 'kristoffarm', 'rural', 'oregon', 'apparently', 'portlandgeneral', 'shut', 'electrical', 'lin']",[],['lose'],['lose'],1,0,1,-1
6,6,2022-09-09T23:58:22.000Z,en,1091713788066304001,RT @PCarterClimate: When Her Majesty said she was 'irritated' by climate inaction a translation would be 'bloody angry'. VIDEO on link.#cli‚Ä¶,1568388375811620864,"['@pcarterclimate:', 'majesty', 'said', ""'irritated'"", 'climate', 'inaction', 'translation', ""'bloody"", ""angry'."", 'video', 'link.#cli‚Ä¶']",RT @PCarterClimate: When Her Majesty said she was 'irritated' by climate inaction a translation would be 'bloody angry'. VIDEO on link.#cli‚Ä¶,RT @PCarterClimate: When Her Majesty said she was 'irritated' by climate inaction a translation would be 'bloody angry'. VIDEO on link.#cli‚Ä¶,"['rt', '@pcarterclimate:', 'majesty', 'said', ""'irritated'"", 'inaction', 'translation', ""'bloody"", ""angry'."", 'video', 'link.#cli‚Ä¶']",rt @pcarterclimate: majesty said 'irritated' inaction translation 'bloody angry'. video link.#cli‚Ä¶,"['rt', '@pcarterclimate', 'majesty', 'say', 'irritated', 'inaction', 'translation', 'bloody', 'angry', 'video', 'link.#cli']",rt @pcarterclimate majesty say irritated inaction translation bloody angry video link.#cli,"['rt', 'pcarterclimate', 'majesty', 'say', 'irritated', 'inaction', 'translation', 'bloody', 'angry', 'video', 'link.#cli']",['majesty'],"['inaction', 'bloody', 'irritated', 'angry']","['majesty', 'inaction', 'bloody', 'irritated', 'angry']",5,1,1,0
9,9,2022-09-09T23:57:54.000Z,en,199784228,"Energy, energy and more energy The basic problem is that we have built our cities around cars. Thermal or electric car, it is always too much energy to transport, often, only one person. #NeoliberalIndividualism #mobility #EnergyShortage #CaliforniaHeatWave #ClimateChange ",1568388259339816960,"['energy,', 'energy', 'energy', 'basic', 'problem', 'built', 'cities', 'cars.', 'thermal', 'electric', 'car,', 'energy', 'transport,', 'often,', 'person.', '#neoliberalindividualism', '#mobility', '#energyshortage', '#californiaheatwave', '#climatechange']","Energy, energy and more energy The basic problem is that we have built our cities around cars. Thermal or electric car, it is always too much energy to transport, often, only one person. #NeoliberalIndividualism #mobility #EnergyShortage #CaliforniaHeatWave #ClimateChange","Energy, energy and more energy The basic problem is that we have built our cities around cars. Thermal or electric car, it is always too much energy to transport, often, only one person. #NeoliberalIndividualism #mobility #EnergyShortage #CaliforniaHeatWave #ClimateChange","['energy,', 'energy', 'energy', 'basic', 'problem', 'built', 'cities', 'cars.', 'thermal', 'electric', 'car,', 'energy', 'transport,', 'often,', 'person.', '#neoliberalindividualism', '#mobility', '#energyshortage', '#californiaheatwave', '#climatechange']","energy, energy energy basic problem built cities cars. thermal electric car, energy transport, often, person. #neoliberalindividualism #mobility #energyshortage #californiaheatwave #climatechange","['energy', 'energy', 'energy', 'basic', 'problem', 'build', 'city', 'car', 'thermal', 'electric', 'car', 'energy', 'transport', 'person', 'neoliberalindividualism', 'mobility', 'energyshortage', 'californiaheatwave', 'climatechange']",energy energy energy basic problem build city car thermal electric car energy transport person neoliberalindividualism mobility energyshortage californiaheatwave climatechange,"['energy', 'energy', 'energy', 'basic', 'problem', 'build', 'city', 'car', 'thermal', 'electric', 'car', 'energy', 'transport', 'person', 'neoliberalindividualism', 'mobility', 'energyshortage', 'californiaheatwave', 'climatechange']",[],['problem'],['problem'],1,0,1,-1
10,10,2022-09-09T23:57:43.000Z,en,1470112177843367936,RT @Quackpadnow: Here morning article. #ClimateEmergency Zombie Towns $ETLG #Earthlingeco delivering knowledges &amp; will for community abo‚Ä¶,1568388213169090562,"['@quackpadnow:', 'morning', 'article.', '#climateemergency', 'zombie', 'towns', '$etlg', '#earthlingeco', 'delivering', 'knowledges', 'community', 'abo‚Ä¶']",RT @Quackpadnow: Here morning article. #ClimateEmergency Zombie Towns $ETLG #Earthlingeco delivering knowledges &amp; will for community abo‚Ä¶,RT @Quackpadnow: Here morning article. #ClimateEmergency Zombie Towns $ETLG #Earthlingeco delivering knowledges &amp; will for community abo‚Ä¶,"['rt', '@quackpadnow:', 'morning', 'article.', '#climateemergency', 'zombie', 'towns', '$etlg', '#earthlingeco', 'delivering', 'knowledges', 'community', 'abo‚Ä¶']",rt @quackpadnow: morning article. #climateemergency zombie towns $etlg #earthlingeco delivering knowledges community abo‚Ä¶,"['rt', '@quackpadnow', 'morning', 'article', 'climateemergency', 'zombie', 'town', '$', 'etlg', 'earthlingeco', 'deliver', 'knowledge', 'community', 'abo']",rt @quackpadnow morning article climateemergency zombie town $ etlg earthlingeco deliver knowledge community abo,"['rt', 'quackpadnow', 'morning', 'article', 'climateemergency', 'zombie', 'town', 'etlg', 'earthlingeco', 'deliver', 'knowledge', 'community', 'abo']",[],['zombie'],['zombie'],1,0,1,-1
11,11,2022-09-09T23:56:56.000Z,en,17355195,RT @anncherie49: #Fauziah just referred to #ClimateChange as ‚Äúfashionable‚Äù. Irresponsible journalism on #ABC @abcnews @BreakfastNews,1568388015650914309,"['@anncherie49:', '#fauziah', 'referred', '#climatechange', '‚Äúfashionable‚Äù.', 'irresponsible', 'journalism', '#abc', '@abcnews', '@breakfastnews']",RT @anncherie49: #Fauziah just referred to #ClimateChange as ‚Äúfashionable‚Äù. Irresponsible journalism on #ABC @abcnews @BreakfastNews,RT @anncherie49: #Fauziah just referred to #ClimateChange as ‚Äúfashionable‚Äù. Irresponsible journalism on #ABC @abcnews @BreakfastNews,"['rt', '@anncherie49:', '#fauziah', 'referred', '#climatechange', '‚Äúfashionable‚Äù.', 'irresponsible', 'journalism', '#abc', '@abcnews', '@breakfastnews']",rt @anncherie49: #fauziah referred #climatechange ‚Äúfashionable‚Äù. irresponsible journalism #abc @abcnews @breakfastnews,"['rt', '@anncherie49', 'fauziah', 'refer', 'climatechange', 'fashionable', 'irresponsible', 'journalism', 'abc', '@abcnews', '@breakfastnew']",rt @anncherie49 fauziah refer climatechange fashionable irresponsible journalism abc @abcnews @breakfastnew,"['rt', 'anncherie49', 'fauziah', 'refer', 'climatechange', 'fashionable', 'irresponsible', 'journalism', 'abc', 'abcnews', 'breakfastnew']",['fashionable'],['irresponsible'],"['fashionable', 'irresponsible']",2,1,1,0
14,14,2022-09-09T23:55:50.000Z,en,20554879,"RT @maggini_19: Rose Webster here. #GetTheMasksOffOurChildren ""Because they're ALL good kids until ...""~ John Candy Hey #JordanPeters‚Ä¶",1568387736486428673,"['@maggini_19:', 'rose', 'webster', 'here.', '#getthemasksoffourchildren', '""because', ""they're"", 'good', 'kids', '...""~', 'john', 'candy', 'hey', '#jordanpeters‚Ä¶']","RT @maggini_19: Rose Webster here. #GetTheMasksOffOurChildren ""Because they're ALL good kids until ...""~ John Candy Hey #JordanPeters‚Ä¶","RT @maggini_19: Rose Webster here. #GetTheMasksOffOurChildren ""Because they're ALL good kids until ...""~ John Candy Hey #JordanPeters‚Ä¶","['rt', '@maggini_19:', 'rose', 'webster', 'here.', '#getthemasksoffourchildren', '""because', ""they're"", 'good', 'kids', '...""~', 'john', 'candy', 'hey', '#jordanpeters‚Ä¶']","rt @maggini_19: rose webster here. #getthemasksoffourchildren ""because they're good kids ...""~ john candy hey #jordanpeters‚Ä¶","['rt', '@maggini_19', 'rise', 'webster', 'getthemasksoffourchildren', 'good', 'kid', '~', 'john', 'candy', 'hey', 'jordanpeter']",rt @maggini_19 rise webster getthemasksoffourchildren good kid ~ john candy hey jordanpeter,"['rt', 'maggini_19', 'rise', 'webster', 'getthemasksoffourchildren', 'good', 'kid', '~', 'john', 'candy', 'hey', 'jordanpeter']",['good'],[],['good'],1,1,0,1
15,15,2022-09-09T23:55:37.000Z,en,427743501,RT @OceanaEurope: New report published by Oceana &amp; @SeasAtRisk shows #bottomtrawling can be largely replaced in üá™üá∫ by less aggressive fishi‚Ä¶,1568387683097128961,"['@oceanaeurope:', 'new', 'report', 'published', 'oceana', '@seasatrisk', 'shows', '#bottomtrawling', 'largely', 'replaced', 'üá™üá∫', 'aggressive', 'fishi‚Ä¶']",RT @OceanaEurope: New report published by Oceana &amp; @SeasAtRisk shows #bottomtrawling can be largely replaced in üá™üá∫ by less aggressive fishi‚Ä¶,RT @OceanaEurope: New report published by Oceana &amp; @SeasAtRisk shows #bottomtrawling can be largely replaced in üá™üá∫ by less aggressive fishi‚Ä¶,"['rt', '@oceanaeurope:', 'new', 'report', 'published', 'oceana', '@seasatrisk', 'shows', '#bottomtrawling', 'largely', 'replaced', 'üá™üá∫', 'aggressive', 'fishi‚Ä¶']",rt @oceanaeurope: new report published oceana @seasatrisk shows #bottomtrawling largely replaced üá™üá∫ aggressive fishi‚Ä¶,"['rt', '@oceanaeurope', 'new', 'report', 'publish', 'oceana', '@seasatrisk', 'show', 'bottomtrawle', 'largely', 'replace', 'üá™', 'üá∫', 'aggressive', 'fishi']",rt @oceanaeurope new report publish oceana @seasatrisk show bottomtrawle largely replace üá™ üá∫ aggressive fishi,"['rt', 'oceanaeurope', 'new', 'report', 'publish', 'oceana', 'seasatrisk', 'show', 'bottomtrawle', 'largely', 'replace', 'üá™', 'üá∫', 'aggressive', 'fishi']",[],['aggressive'],['aggressive'],1,0,1,-1
17,17,2022-09-09T23:55:13.000Z,en,278069561,"RT @el_tragon_de_LA: Not so Fun Fact: Tropical storms are so rare in California, the last one being on September 24, 1939, when a hurricane‚Ä¶",1568387583398522882,"['@el_tragon_de_la:', 'fun', 'fact:', 'tropical', 'storms', 'rare', 'california,', 'september', '24,', '1939,', 'hurricane‚Ä¶']","RT @el_tragon_de_LA: Not so Fun Fact: Tropical storms are so rare in California, the last one being on September 24, 1939, when a hurricane‚Ä¶","RT @el_tragon_de_LA: Not so Fun Fact: Tropical storms are so rare in California, the last one being on September 24, 1939, when a hurricane‚Ä¶","['rt', '@el_tragon_de_la:', 'fun', 'fact:', 'tropical', 'storms', 'rare', 'california,', 'september', '24,', '1939,', 'hurricane‚Ä¶']","rt @el_tragon_de_la: fun fact: tropical storms rare california, september 24, 1939, hurricane‚Ä¶","['rt', '@el_tragon_de_la', 'fun', 'fact', 'tropical', 'storm', 'rare', 'california', 'september', '24', '1939', 'hurricane']",rt @el_tragon_de_la fun fact tropical storm rare california september 24 1939 hurricane,"['rt', 'el_tragon_de_la', 'fun', 'fact', 'tropical', 'storm', 'rare', 'california', 'september', '24', '1939', 'hurricane']",['fun'],[],['fun'],1,1,0,1
18,18,2022-09-09T23:54:48.000Z,en,141003933,"RT @NickKristof: We just lost power here at @KristofFarms here in rural Oregon, apparently because @portlandgeneral shut off electrical lin‚Ä¶",1568387476028530689,"['@nickkristof:', 'lost', 'power', '@kristoffarms', 'rural', 'oregon,', 'apparently', '@portlandgeneral', 'shut', 'electrical', 'lin‚Ä¶']","RT @NickKristof: We just lost power here at @KristofFarms here in rural Oregon, apparently because @portlandgeneral shut off electrical lin‚Ä¶","RT @NickKristof: We just lost power here at @KristofFarms here in rural Oregon, apparently because @portlandgeneral shut off electrical lin‚Ä¶","['rt', '@nickkristof:', 'lost', 'power', '@kristoffarms', 'rural', 'oregon,', 'apparently', '@portlandgeneral', 'shut', 'electrical', 'lin‚Ä¶']","rt @nickkristof: lost power @kristoffarms rural oregon, apparently @portlandgeneral shut electrical lin‚Ä¶","['rt', '@nickkristof', 'lose', 'power', '@kristoffarm', 'rural', 'oregon', 'apparently', '@portlandgeneral', 'shut', 'electrical', 'lin']",rt @nickkristof lose power @kristoffarm rural oregon apparently @portlandgeneral shut electrical lin,"['rt', 'nickkristof', 'lose', 'power', 'kristoffarm', 'rural', 'oregon', 'apparently', 'portlandgeneral', 'shut', 'electrical', 'lin']",[],['lose'],['lose'],1,0,1,-1
19,19,2022-09-09T23:54:47.000Z,en,71664307,RT @PCarterClimate: When Her Majesty said she was 'irritated' by climate inaction a translation would be 'bloody angry'. VIDEO on link.#cli‚Ä¶,1568387472161374208,"['@pcarterclimate:', 'majesty', 'said', ""'irritated'"", 'climate', 'inaction', 'translation', ""'bloody"", ""angry'."", 'video', 'link.#cli‚Ä¶']",RT @PCarterClimate: When Her Majesty said she was 'irritated' by climate inaction a translation would be 'bloody angry'. VIDEO on link.#cli‚Ä¶,RT @PCarterClimate: When Her Majesty said she was 'irritated' by climate inaction a translation would be 'bloody angry'. VIDEO on link.#cli‚Ä¶,"['rt', '@pcarterclimate:', 'majesty', 'said', ""'irritated'"", 'inaction', 'translation', ""'bloody"", ""angry'."", 'video', 'link.#cli‚Ä¶']",rt @pcarterclimate: majesty said 'irritated' inaction translation 'bloody angry'. video link.#cli‚Ä¶,"['rt', '@pcarterclimate', 'majesty', 'say', 'irritated', 'inaction', 'translation', 'bloody', 'angry', 'video', 'link.#cli']",rt @pcarterclimate majesty say irritated inaction translation bloody angry video link.#cli,"['rt', 'pcarterclimate', 'majesty', 'say', 'irritated', 'inaction', 'translation', 'bloody', 'angry', 'video', 'link.#cli']",['majesty'],"['inaction', 'bloody', 'irritated', 'angry']","['majesty', 'inaction', 'bloody', 'irritated', 'angry']",5,1,1,0
20,20,2022-09-09T23:54:39.000Z,es,933778596551946241,"RT @ONU_es: Para abordar la crisis clim√°tica, debemos lidiar con nuestra adicci√≥n al petr√≥leo, el carb√≥n y el gas. La eliminaci√≥n gradual‚Ä¶",1568387440745844740,"['@onu_es:', 'para', 'abordar', 'la', 'crisis', 'clim√°tica,', 'debemos', 'lidiar', 'con', 'nuestra', 'adicci√≥n', 'al', 'petr√≥leo,', 'el', 'carb√≥n', 'y', 'el', 'gas.', 'la', 'eliminaci√≥n', 'gradual‚Ä¶']","RT @ONU_es: Para abordar la crisis clim√°tica, debemos lidiar con nuestra adicci√≥n al petr√≥leo, el carb√≥n y el gas. La eliminaci√≥n gradual‚Ä¶","RT @ONU_es: Para abordar la crisis clim√°tica, debemos lidiar con nuestra adicci√≥n al petr√≥leo, el carb√≥n y el gas. La eliminaci√≥n gradual‚Ä¶","['rt', '@onu_es:', 'para', 'abordar', 'la', 'crisis', 'clim√°tica,', 'debemos', 'lidiar', 'con', 'nuestra', 'adicci√≥n', 'al', 'petr√≥leo,', 'el', 'carb√≥n', 'y', 'el', 'gas.', 'la', 'eliminaci√≥n', 'gradual‚Ä¶']","rt @onu_es: para abordar la crisis clim√°tica, debemos lidiar con nuestra adicci√≥n al petr√≥leo, el carb√≥n y el gas. la eliminaci√≥n gradual‚Ä¶","['rt', '@onu_es', 'para', 'abordar', 'la', 'crisis', 'clim√°tica', 'debemos', 'lidiar', 'con', 'nuestra', 'adicci√≥n', 'al', 'petr√≥leo', 'el', 'carb√≥n', 'y', 'el', 'gas', 'la', 'eliminaci√≥n', 'gradual']",rt @onu_es para abordar la crisis clim√°tica debemos lidiar con nuestra adicci√≥n al petr√≥leo el carb√≥n y el gas la eliminaci√≥n gradual,"['rt', 'onu_es', 'para', 'abordar', 'la', 'crisis', 'clim√°tica', 'debemos', 'lidiar', 'con', 'nuestra', 'adicci√≥n', 'al', 'petr√≥leo', 'el', 'carb√≥n', 'y', 'el', 'gas', 'la', 'eliminaci√≥n', 'gradual']",[],['crisis'],['crisis'],1,0,1,-1
21,21,2022-09-09T23:54:09.000Z,en,101835305,RT @ICRicardoLara: Thank you to the powerful advocates who are leading the effort in CA and globally to close the protection gap &amp; help tho‚Ä¶,1568387311968329729,"['@icricardolara:', 'thank', 'powerful', 'advocates', 'leading', 'effort', 'globally', 'close', 'protection', 'gap', 'help', 'tho‚Ä¶']",RT @ICRicardoLara: Thank you to the powerful advocates who are leading the effort in CA and globally to close the protection gap &amp; help tho‚Ä¶,RT @ICRicardoLara: Thank you to the powerful advocates who are leading the effort in CA and globally to close the protection gap &amp; help tho‚Ä¶,"['rt', '@icricardolara:', 'thank', 'powerful', 'advocates', 'leading', 'effort', 'globally', 'close', 'protection', 'gap', 'help', 'tho‚Ä¶']",rt @icricardolara: thank powerful advocates leading effort globally close protection gap help tho‚Ä¶,"['rt', '@icricardolara', 'thank', 'powerful', 'advocate', 'lead', 'effort', 'globally', 'close', 'protection', 'gap', 'help', 'tho']",rt @icricardolara thank powerful advocate lead effort globally close protection gap help tho,"['rt', 'icricardolara', 'thank', 'powerful', 'advocate', 'lead', 'effort', 'globally', 'close', 'protection', 'gap', 'help', 'tho']","['powerful', 'thank', 'lead', 'advocate', 'protection']",[],"['powerful', 'thank', 'lead', 'advocate', 'protection']",5,1,0,1
22,22,2022-09-09T23:54:00.000Z,en,101835305,RT @ICRicardoLara: Thank you @CAgovernor for signing #AB2238 and joint authors @AsmLuzRivas @AsmEGarciaAD56 @AsmGarcia for your leadership‚Ä¶,1568387275477897217,"['@icricardolara:', 'thank', '@cagovernor', 'signing', '#ab2238', 'joint', 'authors', '@asmluzrivas', '@asmegarciaad56', '@asmgarcia', 'leadership‚Ä¶']",RT @ICRicardoLara: Thank you @CAgovernor for signing #AB2238 and joint authors @AsmLuzRivas @AsmEGarciaAD56 @AsmGarcia for your leadership‚Ä¶,RT @ICRicardoLara: Thank you @CAgovernor for signing #AB2238 and joint authors @AsmLuzRivas @AsmEGarciaAD56 @AsmGarcia for your leadership‚Ä¶,"['rt', '@icricardolara:', 'thank', '@cagovernor', 'signing', '#ab2238', 'joint', 'authors', '@asmluzrivas', '@asmegarciaad56', '@asmgarcia', 'leadership‚Ä¶']",rt @icricardolara: thank @cagovernor signing #ab2238 joint authors @asmluzrivas @asmegarciaad56 @asmgarcia leadership‚Ä¶,"['rt', '@icricardolara', 'thank', '@cagovernor', 'sign', 'ab2238', 'joint', 'author', '@asmluzrivas', '@asmegarciaad56', '@asmgarcia', 'leadership']",rt @icricardolara thank @cagovernor sign ab2238 joint author @asmluzrivas @asmegarciaad56 @asmgarcia leadership,"['rt', 'icricardolara', 'thank', 'cagovernor', 'sign', 'ab2238', 'joint', 'author', 'asmluzrivas', 'asmegarciaad56', 'asmgarcia', 'leadership']",['thank'],[],['thank'],1,1,0,1
23,23,2022-09-09T23:53:17.000Z,en,1092242415790899200,"@MarshaBlackburn You're confused, Marsha. Californians pulled together and avoided most - not all - of the rolling blackouts caused by the #ClimateChange fueled record #Heatwave. You're thinking of TEXAS, where the TX @GOP does nothing to prevent multi-day, fatal outages.",1568387096095916038,"['@marshablackburn', ""you're"", 'confused,', 'marsha.', 'californians', 'pulled', 'avoided', 'rolling', 'blackouts', 'caused', '#climatechange', 'fueled', 'record', '#heatwave.', ""you're"", 'thinking', 'texas,', 'tx', '@gop', 'prevent', 'multi-day,', 'fatal', 'outages.']","@MarshaBlackburn You're confused, Marsha. Californians pulled together and avoided most - not all - of the rolling blackouts caused by the #ClimateChange fueled record #Heatwave. You're thinking of TEXAS, where the TX @GOP does nothing to prevent multi-day, fatal outages.","@MarshaBlackburn You're confused, Marsha. Californians pulled together and avoided most - not all - of the rolling blackouts caused by the #ClimateChange fueled record #Heatwave. You're thinking of TEXAS, where the TX @GOP does nothing to prevent multi-day, fatal outages.","['@marshablackburn', ""you're"", 'confused,', 'marsha.', 'californians', 'pulled', 'avoided', 'rolling', 'blackouts', 'caused', '#climatechange', 'fueled', 'record', '#heatwave.', ""you're"", 'thinking', 'texas,', 'tx', '@gop', 'prevent', 'multi-day,', 'fatal', 'outages.']","@marshablackburn you're confused, marsha. californians pulled avoided rolling blackouts caused #climatechange fueled record #heatwave. you're thinking texas, tx @gop prevent multi-day, fatal outages.","['@marshablackburn', 'confused', 'marsha', 'californian', 'pull', 'avoid', 'rolling', 'blackout', 'cause', 'climatechange', 'fuel', 'record', 'heatwave', 'think', 'texas', 'tx', '@gop', 'prevent', 'multi', 'day', 'fatal', 'outage']",@marshablackburn confused marsha californian pull avoid rolling blackout cause climatechange fuel record heatwave think texas tx @gop prevent multi day fatal outage,"['marshablackburn', 'confused', 'marsha', 'californian', 'pull', 'avoid', 'rolling', 'blackout', 'cause', 'climatechange', 'fuel', 'record', 'heatwave', 'think', 'texas', 'tx', 'gop', 'prevent', 'multi', 'day', 'fatal', 'outage']",[],"['fatal', 'confused']","['fatal', 'confused']",2,0,1,-1
24,24,2022-09-09T23:53:12.000Z,en,4937061,"RT @NickKristof: We just lost power here at @KristofFarms here in rural Oregon, apparently because @portlandgeneral shut off electrical lin‚Ä¶",1568387075308941322,"['@nickkristof:', 'lost', 'power', '@kristoffarms', 'rural', 'oregon,', 'apparently', '@portlandgeneral', 'shut', 'electrical', 'lin‚Ä¶']","RT @NickKristof: We just lost power here at @KristofFarms here in rural Oregon, apparently because @portlandgeneral shut off electrical lin‚Ä¶","RT @NickKristof: We just lost power here at @KristofFarms here in rural Oregon, apparently because @portlandgeneral shut off electrical lin‚Ä¶","['rt', '@nickkristof:', 'lost', 'power', '@kristoffarms', 'rural', 'oregon,', 'apparently', '@portlandgeneral', 'shut', 'electrical', 'lin‚Ä¶']","rt @nickkristof: lost power @kristoffarms rural oregon, apparently @portlandgeneral shut electrical lin‚Ä¶","['rt', '@nickkristof', 'lose', 'power', '@kristoffarm', 'rural', 'oregon', 'apparently', '@portlandgeneral', 'shut', 'electrical', 'lin']",rt @nickkristof lose power @kristoffarm rural oregon apparently @portlandgeneral shut electrical lin,"['rt', 'nickkristof', 'lose', 'power', 'kristoffarm', 'rural', 'oregon', 'apparently', 'portlandgeneral', 'shut', 'electrical', 'lin']",[],['lose'],['lose'],1,0,1,-1
25,25,2022-09-09T23:53:09.000Z,en,526125131,RT @anncherie49: #Fauziah just referred to #ClimateChange as ‚Äúfashionable‚Äù. Irresponsible journalism on #ABC @abcnews @BreakfastNews,1568387062604394497,"['@anncherie49:', '#fauziah', 'referred', '#climatechange', '‚Äúfashionable‚Äù.', 'irresponsible', 'journalism', '#abc', '@abcnews', '@breakfastnews']",RT @anncherie49: #Fauziah just referred to #ClimateChange as ‚Äúfashionable‚Äù. Irresponsible journalism on #ABC @abcnews @BreakfastNews,RT @anncherie49: #Fauziah just referred to #ClimateChange as ‚Äúfashionable‚Äù. Irresponsible journalism on #ABC @abcnews @BreakfastNews,"['rt', '@anncherie49:', '#fauziah', 'referred', '#climatechange', '‚Äúfashionable‚Äù.', 'irresponsible', 'journalism', '#abc', '@abcnews', '@breakfastnews']",rt @anncherie49: #fauziah referred #climatechange ‚Äúfashionable‚Äù. irresponsible journalism #abc @abcnews @breakfastnews,"['rt', '@anncherie49', 'fauziah', 'refer', 'climatechange', 'fashionable', 'irresponsible', 'journalism', 'abc', '@abcnews', '@breakfastnew']",rt @anncherie49 fauziah refer climatechange fashionable irresponsible journalism abc @abcnews @breakfastnew,"['rt', 'anncherie49', 'fauziah', 'refer', 'climatechange', 'fashionable', 'irresponsible', 'journalism', 'abc', 'abcnews', 'breakfastnew']",['fashionable'],['irresponsible'],"['fashionable', 'irresponsible']",2,1,1,0
27,27,2022-09-09T23:52:53.000Z,en,22380418,"RT @NatashaHallDC: ""As hotter, more-crowded cities become the future of a warming world, a lack of preparedness will only exacerbate the di‚Ä¶",1568386993100410883,"['@natashahalldc:', '""as', 'hotter,', 'more-crowded', 'cities', 'future', 'warming', 'world,', 'lack', 'preparedness', 'exacerbate', 'di‚Ä¶']","RT @NatashaHallDC: ""As hotter, more-crowded cities become the future of a warming world, a lack of preparedness will only exacerbate the di‚Ä¶","RT @NatashaHallDC: ""As hotter, more-crowded cities become the future of a warming world, a lack of preparedness will only exacerbate the di‚Ä¶","['rt', '@natashahalldc:', '""as', 'hotter,', 'more-crowded', 'cities', 'future', 'warming', 'world,', 'lack', 'preparedness', 'exacerbate', 'di‚Ä¶']","rt @natashahalldc: ""as hotter, more-crowded cities future warming world, lack preparedness exacerbate di‚Ä¶","['rt', '@natashahalldc', 'hotter', 'crowd', 'city', 'future', 'warm', 'world', 'lack', 'preparedness', 'exacerbate', 'di']",rt @natashahalldc hotter crowd city future warm world lack preparedness exacerbate di,"['rt', 'natashahalldc', 'hotter', 'crowd', 'city', 'future', 'warm', 'world', 'lack', 'preparedness', 'exacerbate', 'di']",['warm'],"['lack', 'exacerbate']","['warm', 'lack', 'exacerbate']",3,1,1,0
28,28,2022-09-09T23:52:33.000Z,en,30703145,RT @PCarterClimate: ATMOSPHERIC CO2 50% HIGHER &amp; INCREASING FAST NOW HIGHEST IN 4 MILLION YEARS (NOAA) CERTAIN SUICIDE SCENARIO Atmospheri‚Ä¶,1568386910829125633,"['@pcarterclimate:', 'atmospheric', 'co2', '50%', 'higher', 'increasing', 'fast', 'highest', '4', 'million', 'years', '(noaa)', 'certain', 'suicide', 'scenario', 'atmospheri‚Ä¶']",RT @PCarterClimate: ATMOSPHERIC CO2 50% HIGHER &amp; INCREASING FAST NOW HIGHEST IN 4 MILLION YEARS (NOAA) CERTAIN SUICIDE SCENARIO Atmospheri‚Ä¶,RT @PCarterClimate: ATMOSPHERIC CO2 50% HIGHER &amp; INCREASING FAST NOW HIGHEST IN 4 MILLION YEARS (NOAA) CERTAIN SUICIDE SCENARIO Atmospheri‚Ä¶,"['rt', '@pcarterclimate:', 'atmospheric', 'co2', '50%', 'higher', 'increasing', 'fast', 'highest', '4', 'million', 'years', '(noaa)', 'certain', 'suicide', 'scenario', 'atmospheri‚Ä¶']",rt @pcarterclimate: atmospheric co2 50% higher increasing fast highest 4 million years (noaa) certain suicide scenario atmospheri‚Ä¶,"['rt', '@pcarterclimate', 'atmospheric', 'co2', '50', 'high', 'increase', 'fast', 'high', '4', 'million', 'year', 'noaa', 'certain', 'suicide', 'scenario', 'atmospheri']",rt @pcarterclimate atmospheric co2 50 high increase fast high 4 million year noaa certain suicide scenario atmospheri,"['rt', 'pcarterclimate', 'atmospheric', 'co2', '50', 'high', 'increase', 'fast', 'high', '4', 'million', 'year', 'noaa', 'certain', 'suicide', 'scenario', 'atmospheri']",['fast'],['suicide'],"['fast', 'suicide']",2,1,1,0
31,31,2022-09-09T23:51:38.000Z,en,524939820,"RT @NickKristof: We just lost power here at @KristofFarms here in rural Oregon, apparently because @portlandgeneral shut off electrical lin‚Ä¶",1568386681564450817,"['@nickkristof:', 'lost', 'power', '@kristoffarms', 'rural', 'oregon,', 'apparently', '@portlandgeneral', 'shut', 'electrical', 'lin‚Ä¶']","RT @NickKristof: We just lost power here at @KristofFarms here in rural Oregon, apparently because @portlandgeneral shut off electrical lin‚Ä¶","RT @NickKristof: We just lost power here at @KristofFarms here in rural Oregon, apparently because @portlandgeneral shut off electrical lin‚Ä¶","['rt', '@nickkristof:', 'lost', 'power', '@kristoffarms', 'rural', 'oregon,', 'apparently', '@portlandgeneral', 'shut', 'electrical', 'lin‚Ä¶']","rt @nickkristof: lost power @kristoffarms rural oregon, apparently @portlandgeneral shut electrical lin‚Ä¶","['rt', '@nickkristof', 'lose', 'power', '@kristoffarm', 'rural', 'oregon', 'apparently', '@portlandgeneral', 'shut', 'electrical', 'lin']",rt @nickkristof lose power @kristoffarm rural oregon apparently @portlandgeneral shut electrical lin,"['rt', 'nickkristof', 'lose', 'power', 'kristoffarm', 'rural', 'oregon', 'apparently', 'portlandgeneral', 'shut', 'electrical', 'lin']",[],['lose'],['lose'],1,0,1,-1
33,33,2022-09-09T23:51:04.000Z,en,1091713788066304001,RT @PCarterClimate: ATMOSPHERIC CO2 50% HIGHER &amp; INCREASING FAST NOW HIGHEST IN 4 MILLION YEARS (NOAA) CERTAIN SUICIDE SCENARIO Atmospheri‚Ä¶,1568386536634462208,"['@pcarterclimate:', 'atmospheric', 'co2', '50%', 'higher', 'increasing', 'fast', 'highest', '4', 'million', 'years', '(noaa)', 'certain', 'suicide', 'scenario', 'atmospheri‚Ä¶']",RT @PCarterClimate: ATMOSPHERIC CO2 50% HIGHER &amp; INCREASING FAST NOW HIGHEST IN 4 MILLION YEARS (NOAA) CERTAIN SUICIDE SCENARIO Atmospheri‚Ä¶,RT @PCarterClimate: ATMOSPHERIC CO2 50% HIGHER &amp; INCREASING FAST NOW HIGHEST IN 4 MILLION YEARS (NOAA) CERTAIN SUICIDE SCENARIO Atmospheri‚Ä¶,"['rt', '@pcarterclimate:', 'atmospheric', 'co2', '50%', 'higher', 'increasing', 'fast', 'highest', '4', 'million', 'years', '(noaa)', 'certain', 'suicide', 'scenario', 'atmospheri‚Ä¶']",rt @pcarterclimate: atmospheric co2 50% higher increasing fast highest 4 million years (noaa) certain suicide scenario atmospheri‚Ä¶,"['rt', '@pcarterclimate', 'atmospheric', 'co2', '50', 'high', 'increase', 'fast', 'high', '4', 'million', 'year', 'noaa', 'certain', 'suicide', 'scenario', 'atmospheri']",rt @pcarterclimate atmospheric co2 50 high increase fast high 4 million year noaa certain suicide scenario atmospheri,"['rt', 'pcarterclimate', 'atmospheric', 'co2', '50', 'high', 'increase', 'fast', 'high', '4', 'million', 'year', 'noaa', 'certain', 'suicide', 'scenario', 'atmospheri']",['fast'],['suicide'],"['fast', 'suicide']",2,1,1,0
36,36,2022-09-09T23:50:39.000Z,en,1339821457,Energy Crisis Will Be Short-Lived &amp; Reap #climatechange #environment #sustainability #nature #globalwarming #savetheplanet #climate #climatecrisis #ecofriendly #climateaction #zerowaste #sustainable #earth #gogreen #climatechangeisreal ,1568386431038406657,"['energy', 'crisis', 'short-lived', 'reap', '#climatechange', '#environment', '#sustainability', '#nature', '#globalwarming', '#savetheplanet', '#climate', '#climatecrisis', '#ecofriendly', '#climateaction', '#zerowaste', '#sustainable', '#earth', '#gogreen', '#climatechangeisreal']",Energy Crisis Will Be Short-Lived &amp; Reap #climatechange #environment #sustainability #nature #globalwarming #savetheplanet #climate #climatecrisis #ecofriendly #climateaction #zerowaste #sustainable #earth #gogreen #climatechangeisreal,Energy Crisis Will Be Short-Lived &amp; Reap #climatechange #environment #sustainability #nature #globalwarming #savetheplanet #climate #climatecrisis #ecofriendly #climateaction #zerowaste #sustainable #earth #gogreen #climatechangeisreal,"['energy', 'crisis', 'short-lived', 'reap', '#climatechange', '#environment', '#sustainability', '#nature', '#globalwarming', '#savetheplanet', '#climate', '#climatecrisis', '#ecofriendly', '#climateaction', '#zerowaste', '#sustainable', '#earth', '#gogreen', '#climatechangeisreal']",energy crisis short-lived reap #climatechange #environment #sustainability #nature #globalwarming #savetheplanet #climate #climatecrisis #ecofriendly #climateaction #zerowaste #sustainable #earth #gogreen #climatechangeisreal,"['energy', 'crisis', 'short', 'live', 'reap', 'climatechange', 'environment', 'sustainability', 'nature', 'globalwarme', 'savetheplanet', 'climate', 'climatecrisis', 'ecofriendly', 'climateaction', 'zerowaste', 'sustainable', 'earth', 'gogreen', 'climatechangeisreal']",energy crisis short live reap climatechange environment sustainability nature globalwarme savetheplanet climate climatecrisis ecofriendly climateaction zerowaste sustainable earth gogreen climatechangeisreal,"['energy', 'crisis', 'short', 'live', 'reap', 'climatechange', 'environment', 'sustainability', 'nature', 'globalwarme', 'savetheplanet', 'climate', 'climatecrisis', 'ecofriendly', 'climateaction', 'zerowaste', 'sustainable', 'earth', 'gogreen', 'climatechangeisreal']","['sustainability', 'sustainable']",['crisis'],"['sustainability', 'sustainable', 'crisis']",3,1,1,0
37,37,2022-09-09T23:50:16.000Z,en,997850973266587648,RT @MaryJoe38642126: .@BLMNational continues to #roundup #wildhorses using #overpopulation &amp; #drought as #excuses. TRUTH: #Cattle are #over‚Ä¶,1568386335693762561,"['@maryjoe38642126:', '.@blmnational', 'continues', '#roundup', '#wildhorses', '#overpopulation', '#drought', '#excuses.', 'truth:', '#cattle', '#over‚Ä¶']",RT @MaryJoe38642126: .@BLMNational continues to #roundup #wildhorses using #overpopulation &amp; #drought as #excuses. TRUTH: #Cattle are #over‚Ä¶,RT @MaryJoe38642126: .@BLMNational continues to #roundup #wildhorses using #overpopulation &amp; #drought as #excuses. TRUTH: #Cattle are #over‚Ä¶,"['rt', '@maryjoe38642126:', '.@blmnational', 'continues', '#roundup', '#wildhorses', '#overpopulation', '#drought', '#excuses.', 'truth:', '#cattle', '#over‚Ä¶']",rt @maryjoe38642126: .@blmnational continues #roundup #wildhorses #overpopulation #drought #excuses. truth: #cattle #over‚Ä¶,"['rt', '@maryjoe38642126', '.@blmnational', 'continue', 'roundup', 'wildhorse', 'overpopulation', 'drought', 'excuse', 'truth', 'cattle']",rt @maryjoe38642126 .@blmnational continue roundup wildhorse overpopulation drought excuse truth cattle,"['rt', 'maryjoe38642126', '.blmnational', 'continue', 'roundup', 'wildhorse', 'overpopulation', 'drought', 'excuse', 'truth', 'cattle']",[],"['drought', 'excuse']","['drought', 'excuse']",2,0,1,-1
38,38,2022-09-09T23:49:42.000Z,en,1564634114313097218,RT @JBCOOKS: PORTRAITS OF CHANGE is an important video series featuring small-scale fishers and #bluefoods workers on the front lines of #c‚Ä¶,1568386192693170176,"['@jbcooks:', 'portraits', 'change', 'important', 'video', 'series', 'featuring', 'small-scale', 'fishers', '#bluefoods', 'workers', 'lines', '#c‚Ä¶']",RT @JBCOOKS: PORTRAITS OF CHANGE is an important video series featuring small-scale fishers and #bluefoods workers on the front lines of #c‚Ä¶,RT @JBCOOKS: PORTRAITS OF CHANGE is an important video series featuring small-scale fishers and #bluefoods workers on the front lines of #c‚Ä¶,"['rt', '@jbcooks:', 'portraits', 'important', 'video', 'series', 'featuring', 'small-scale', 'fishers', '#bluefoods', 'workers', 'lines', '#c‚Ä¶']",rt @jbcooks: portraits important video series featuring small-scale fishers #bluefoods workers lines #c‚Ä¶,"['rt', '@jbcooks', 'portrait', 'important', 'video', 'series', 'feature', 'small', 'scale', 'fisher', 'bluefood', 'worker', 'line', 'c']",rt @jbcooks portrait important video series feature small scale fisher bluefood worker line c,"['rt', 'jbcooks', 'portrait', 'important', 'video', 'series', 'feature', 'small', 'scale', 'fisher', 'bluefood', 'worker', 'line', 'c']",['important'],[],['important'],1,1,0,1
39,39,2022-09-09T23:49:36.000Z,en,1132791264242307073,RT @anncherie49: #Fauziah just referred to #ClimateChange as ‚Äúfashionable‚Äù. Irresponsible journalism on #ABC @abcnews @BreakfastNews,1568386167426646016,"['@anncherie49:', '#fauziah', 'referred', '#climatechange', '‚Äúfashionable‚Äù.', 'irresponsible', 'journalism', '#abc', '@abcnews', '@breakfastnews']",RT @anncherie49: #Fauziah just referred to #ClimateChange as ‚Äúfashionable‚Äù. Irresponsible journalism on #ABC @abcnews @BreakfastNews,RT @anncherie49: #Fauziah just referred to #ClimateChange as ‚Äúfashionable‚Äù. Irresponsible journalism on #ABC @abcnews @BreakfastNews,"['rt', '@anncherie49:', '#fauziah', 'referred', '#climatechange', '‚Äúfashionable‚Äù.', 'irresponsible', 'journalism', '#abc', '@abcnews', '@breakfastnews']",rt @anncherie49: #fauziah referred #climatechange ‚Äúfashionable‚Äù. irresponsible journalism #abc @abcnews @breakfastnews,"['rt', '@anncherie49', 'fauziah', 'refer', 'climatechange', 'fashionable', 'irresponsible', 'journalism', 'abc', '@abcnews', '@breakfastnew']",rt @anncherie49 fauziah refer climatechange fashionable irresponsible journalism abc @abcnews @breakfastnew,"['rt', 'anncherie49', 'fauziah', 'refer', 'climatechange', 'fashionable', 'irresponsible', 'journalism', 'abc', 'abcnews', 'breakfastnew']",['fashionable'],['irresponsible'],"['fashionable', 'irresponsible']",2,1,1,0
40,40,2022-09-09T23:49:35.000Z,en,873549948733845506,RT @LEAD_Coalition: Cleaner air may reduce #Alzheimers risk  #dementia #environment #ClimateChange ,1568386164901695488,"['@lead_coalition:', 'cleaner', 'air', 'reduce', '#alzheimers', 'risk', '#dementia', '#environment', '#climatechange']",RT @LEAD_Coalition: Cleaner air may reduce #Alzheimers risk #dementia #environment #ClimateChange,RT @LEAD_Coalition: Cleaner air may reduce #Alzheimers risk #dementia #environment #ClimateChange,"['rt', '@lead_coalition:', 'cleaner', 'air', 'reduce', '#alzheimers', 'risk', '#dementia', '#environment', '#climatechange']",rt @lead_coalition: cleaner air reduce #alzheimers risk #dementia #environment #climatechange,"['rt', '@lead_coalition', 'clean', 'air', 'reduce', 'alzheimer', 'risk', 'dementia', 'environment', 'climatechange']",rt @lead_coalition clean air reduce alzheimer risk dementia environment climatechange,"['rt', 'lead_coalition', 'clean', 'air', 'reduce', 'alzheimer', 'risk', 'dementia', 'environment', 'climatechange']",['clean'],['risk'],"['clean', 'risk']",2,1,1,0
41,41,2022-09-09T23:49:32.000Z,en,286980191,"RT @NickKristof: We just lost power here at @KristofFarms here in rural Oregon, apparently because @portlandgeneral shut off electrical lin‚Ä¶",1568386150540230656,"['@nickkristof:', 'lost', 'power', '@kristoffarms', 'rural', 'oregon,', 'apparently', '@portlandgeneral', 'shut', 'electrical', 'lin‚Ä¶']","RT @NickKristof: We just lost power here at @KristofFarms here in rural Oregon, apparently because @portlandgeneral shut off electrical lin‚Ä¶","RT @NickKristof: We just lost power here at @KristofFarms here in rural Oregon, apparently because @portlandgeneral shut off electrical lin‚Ä¶","['rt', '@nickkristof:', 'lost', 'power', '@kristoffarms', 'rural', 'oregon,', 'apparently', '@portlandgeneral', 'shut', 'electrical', 'lin‚Ä¶']","rt @nickkristof: lost power @kristoffarms rural oregon, apparently @portlandgeneral shut electrical lin‚Ä¶","['rt', '@nickkristof', 'lose', 'power', '@kristoffarm', 'rural', 'oregon', 'apparently', '@portlandgeneral', 'shut', 'electrical', 'lin']",rt @nickkristof lose power @kristoffarm rural oregon apparently @portlandgeneral shut electrical lin,"['rt', 'nickkristof', 'lose', 'power', 'kristoffarm', 'rural', 'oregon', 'apparently', 'portlandgeneral', 'shut', 'electrical', 'lin']",[],['lose'],['lose'],1,0,1,-1
44,44,2022-09-09T23:49:08.000Z,en,1038808555,America‚Äôs newest houses face a heightened risk of wildfire  #Investing #NewsBrief #Select #climatechange #climatecheck ,1568386052326563840,"['america‚Äôs', 'newest', 'houses', 'face', 'heightened', 'risk', 'wildfire', '#investing', '#newsbrief', '#select', '#climatechange', '#climatecheck']",America‚Äôs newest houses face a heightened risk of wildfire #Investing #NewsBrief #Select #climatechange #climatecheck,America‚Äôs newest houses face a heightened risk of wildfire #Investing #NewsBrief #Select #climatechange #climatecheck,"['america‚Äôs', 'newest', 'houses', 'face', 'heightened', 'risk', 'wildfire', '#investing', '#newsbrief', '#select', '#climatechange', '#climatecheck']",america‚Äôs newest houses face heightened risk wildfire #investing #newsbrief #select #climatechange #climatecheck,"['america', 'new', 'house', 'face', 'heighten', 'risk', 'wildfire', 'invest', 'newsbrief', 'select', 'climatechange', 'climatecheck']",america new house face heighten risk wildfire invest newsbrief select climatechange climatecheck,"['america', 'new', 'house', 'face', 'heighten', 'risk', 'wildfire', 'invest', 'newsbrief', 'select', 'climatechange', 'climatecheck']",[],['risk'],['risk'],1,0,1,-1
45,45,2022-09-09T23:49:06.000Z,en,1167167109450723328,RT @DEATHBALL13: Let's not forget good old #CharlieChester and the propaganda machine @CNN. #ClimateChange #FakeNews #DemocratsAreDestroyin‚Ä¶,1568386040871919616,"['@deathball13:', ""let's"", 'forget', 'good', 'old', '#charliechester', 'propaganda', 'machine', '@cnn.', '#climatechange', '#fakenews', '#democratsaredestroyin‚Ä¶']",RT @DEATHBALL13: Let's not forget good old #CharlieChester and the propaganda machine @CNN. #ClimateChange #FakeNews #DemocratsAreDestroyin‚Ä¶,RT @DEATHBALL13: Let's not forget good old #CharlieChester and the propaganda machine @CNN. #ClimateChange #FakeNews #DemocratsAreDestroyin‚Ä¶,"['rt', '@deathball13:', ""let's"", 'forget', 'good', 'old', '#charliechester', 'propaganda', 'machine', '@cnn.', '#climatechange', '#fakenews', '#democratsaredestroyin‚Ä¶']",rt @deathball13: let's forget good old #charliechester propaganda machine @cnn. #climatechange #fakenews #democratsaredestroyin‚Ä¶,"['rt', '@deathball13', 'let', 'forget', 'good', 'old', 'charliechester', 'propaganda', 'machine', '@cnn', 'climatechange', 'fakenew', 'democratsaredestroyin']",rt @deathball13 let forget good old charliechester propaganda machine @cnn climatechange fakenew democratsaredestroyin,"['rt', 'deathball13', 'let', 'forget', 'good', 'old', 'charliechester', 'propaganda', 'machine', 'cnn', 'climatechange', 'fakenew', 'democratsaredestroyin']",['good'],['propaganda'],"['good', 'propaganda']",2,1,1,0
46,46,2022-09-09T23:48:47.000Z,en,1553680586883096576,Renewable News by Sven. #svenvanzanten #solar #renewables #climatechange #sustainability #Environment #Energy #CleanEnergy #electricity #solarenergy #SolarPower #energietransitie #zonnepanelen #klimaat ,1568385963122135040,"['renewable', 'news', 'sven.', '#svenvanzanten', '#solar', '#renewables', '#climatechange', '#sustainability', '#environment', '#energy', '#cleanenergy', '#electricity', '#solarenergy', '#solarpower', '#energietransitie', '#zonnepanelen', '#klimaat']",Renewable News by Sven. #svenvanzanten #solar #renewables #climatechange #sustainability #Environment #Energy #CleanEnergy #electricity #solarenergy #SolarPower #energietransitie #zonnepanelen #klimaat,Renewable News by Sven. #svenvanzanten #solar #renewables #climatechange #sustainability #Environment #Energy #CleanEnergy #electricity #solarenergy #SolarPower #energietransitie #zonnepanelen #klimaat,"['renewable', 'news', 'sven.', '#svenvanzanten', '#solar', '#renewables', '#climatechange', '#sustainability', '#environment', '#energy', '#cleanenergy', '#electricity', '#solarenergy', '#solarpower', '#energietransitie', '#zonnepanelen', '#klimaat']",renewable news sven. #svenvanzanten #solar #renewables #climatechange #sustainability #environment #energy #cleanenergy #electricity #solarenergy #solarpower #energietransitie #zonnepanelen #klimaat,"['renewable', 'news', 'sven', 'svenvanzanten', 'solar', 'renewable', 'climatechange', 'sustainability', 'environment', 'energy', 'cleanenergy', 'electricity', 'solarenergy', 'solarpower', 'energietransitie', 'zonnepanelen', 'klimaat']",renewable news sven svenvanzanten solar renewable climatechange sustainability environment energy cleanenergy electricity solarenergy solarpower energietransitie zonnepanelen klimaat,"['renewable', 'news', 'sven', 'svenvanzanten', 'solar', 'renewable', 'climatechange', 'sustainability', 'environment', 'energy', 'cleanenergy', 'electricity', 'solarenergy', 'solarpower', 'energietransitie', 'zonnepanelen', 'klimaat']",['sustainability'],[],['sustainability'],1,1,0,1
47,47,2022-09-09T23:48:16.000Z,en,1178739532704956422,RT @dvdmckay: We‚Äôve got a new paper out on climate #TippingPoints in @ScienceMagazine: ‚ÄúExceeding 1.5¬∞C global warming could trigger multip‚Ä¶,1568385832402272258,"['@dvdmckay:', 'we‚Äôve', 'got', 'new', 'paper', 'climate', '#tippingpoints', '@sciencemagazine:', '‚Äúexceeding', '1.5¬∞c', 'global', 'warming', 'trigger', 'multip‚Ä¶']",RT @dvdmckay: We‚Äôve got a new paper out on climate #TippingPoints in @ScienceMagazine: ‚ÄúExceeding 1.5¬∞C global warming could trigger multip‚Ä¶,RT @dvdmckay: We‚Äôve got a new paper out on climate #TippingPoints in @ScienceMagazine: ‚ÄúExceeding 1.5¬∞C global warming could trigger multip‚Ä¶,"['rt', '@dvdmckay:', 'we‚Äôve', 'new', 'paper', '#tippingpoints', '@sciencemagazine:', '‚Äúexceeding', '1.5¬∞c', 'global', 'warming', 'trigger', 'multip‚Ä¶']",rt @dvdmckay: we‚Äôve new paper #tippingpoints @sciencemagazine: ‚Äúexceeding 1.5¬∞c global warming trigger multip‚Ä¶,"['rt', '@dvdmckay', 'new', 'paper', 'tippingpoint', '@sciencemagazine', 'exceed', '1.5', '¬∞', 'c', 'global', 'warming', 'trigger', 'multip']",rt @dvdmckay new paper tippingpoint @sciencemagazine exceed 1.5 ¬∞ c global warming trigger multip,"['rt', 'dvdmckay', 'new', 'paper', 'tippingpoint', 'sciencemagazine', 'exceed', '1.5', '¬∞', 'c', 'global', 'warming', 'trigger', 'multip']",['exceed'],[],['exceed'],1,1,0,1
50,50,2022-09-09T23:48:05.000Z,en,17004618,"We just lost power here at @KristofFarms here in rural Oregon, apparently because @portlandgeneral shut off electrical lines because of high winds and fire danger. First time I can ever recall losing power to a preventive action to reduce fire risk. #ClimateChange",1568385787330441217,"['lost', 'power', '@kristoffarms', 'rural', 'oregon,', 'apparently', '@portlandgeneral', 'shut', 'electrical', 'lines', 'high', 'winds', 'fire', 'danger.', 'time', 'recall', 'losing', 'power', 'preventive', 'action', 'reduce', 'fire', 'risk.', '#climatechange']","We just lost power here at @KristofFarms here in rural Oregon, apparently because @portlandgeneral shut off electrical lines because of high winds and fire danger. First time I can ever recall losing power to a preventive action to reduce fire risk. #ClimateChange","We just lost power here at @KristofFarms here in rural Oregon, apparently because @portlandgeneral shut off electrical lines because of high winds and fire danger. First time I can ever recall losing power to a preventive action to reduce fire risk. #ClimateChange","['lost', 'power', '@kristoffarms', 'rural', 'oregon,', 'apparently', '@portlandgeneral', 'shut', 'electrical', 'lines', 'high', 'winds', 'fire', 'danger.', 'time', 'recall', 'losing', 'power', 'preventive', 'action', 'reduce', 'fire', 'risk.', '#climatechange']","lost power @kristoffarms rural oregon, apparently @portlandgeneral shut electrical lines high winds fire danger. time recall losing power preventive action reduce fire risk. #climatechange","['lose', 'power', '@kristoffarm', 'rural', 'oregon', 'apparently', '@portlandgeneral', 'shut', 'electrical', 'line', 'high', 'wind', 'fire', 'danger', 'time', 'recall', 'lose', 'power', 'preventive', 'action', 'reduce', 'fire', 'risk', 'climatechange']",lose power @kristoffarm rural oregon apparently @portlandgeneral shut electrical line high wind fire danger time recall lose power preventive action reduce fire risk climatechange,"['lose', 'power', 'kristoffarm', 'rural', 'oregon', 'apparently', 'portlandgeneral', 'shut', 'electrical', 'line', 'high', 'wind', 'fire', 'danger', 'time', 'recall', 'lose', 'power', 'preventive', 'action', 'reduce', 'fire', 'risk', 'climatechange']",[],"['lose', 'danger', 'risk']","['lose', 'danger', 'risk']",3,0,1,-1
52,52,2022-09-09T23:47:52.000Z,en,1509738199526125581,RT @Quackpadnow: Here morning article. #ClimateEmergency Zombie Towns $ETLG #Earthlingeco delivering knowledges &amp; will for community abo‚Ä¶,1568385734159093760,"['@quackpadnow:', 'morning', 'article.', '#climateemergency', 'zombie', 'towns', '$etlg', '#earthlingeco', 'delivering', 'knowledges', 'community', 'abo‚Ä¶']",RT @Quackpadnow: Here morning article. #ClimateEmergency Zombie Towns $ETLG #Earthlingeco delivering knowledges &amp; will for community abo‚Ä¶,RT @Quackpadnow: Here morning article. #ClimateEmergency Zombie Towns $ETLG #Earthlingeco delivering knowledges &amp; will for community abo‚Ä¶,"['rt', '@quackpadnow:', 'morning', 'article.', '#climateemergency', 'zombie', 'towns', '$etlg', '#earthlingeco', 'delivering', 'knowledges', 'community', 'abo‚Ä¶']",rt @quackpadnow: morning article. #climateemergency zombie towns $etlg #earthlingeco delivering knowledges community abo‚Ä¶,"['rt', '@quackpadnow', 'morning', 'article', 'climateemergency', 'zombie', 'town', '$', 'etlg', 'earthlingeco', 'deliver', 'knowledge', 'community', 'abo']",rt @quackpadnow morning article climateemergency zombie town $ etlg earthlingeco deliver knowledge community abo,"['rt', 'quackpadnow', 'morning', 'article', 'climateemergency', 'zombie', 'town', 'etlg', 'earthlingeco', 'deliver', 'knowledge', 'community', 'abo']",[],['zombie'],['zombie'],1,0,1,-1
53,53,2022-09-09T23:47:48.000Z,en,219054765,"Is that the same Science that dictates a male and a female are fully interchangeable? Or that a conceived Human Child is a mass of cells? NEW - #Biden's #ClimateCzar #JohnKerry on #ClimateChange: ""It's not political... It's a universal issue defined by science."" @disclosetv ",1568385716794662913,"['science', 'dictates', 'male', 'female', 'fully', 'interchangeable?', 'conceived', 'human', 'child', 'mass', 'cells?', 'new', ""#biden's"", '#climateczar', '#johnkerry', '#climatechange:', '""it\'s', 'political...', 'universal', 'issue', 'defined', 'science.""', '@disclosetv']","Is that the same Science that dictates a male and a female are fully interchangeable? Or that a conceived Human Child is a mass of cells? NEW - #Biden's #ClimateCzar #JohnKerry on #ClimateChange: ""It's not political... It's a universal issue defined by science."" @disclosetv","Is that the same Science that dictates a male and a female are fully interchangeable? Or that a conceived Human Child is a mass of cells? NEW - #Biden's #ClimateCzar #JohnKerry on #ClimateChange: ""It's not political... It's a universal issue defined by science."" @disclosetv","['science', 'dictates', 'male', 'female', 'fully', 'interchangeable?', 'conceived', 'human', 'child', 'mass', 'cells?', 'new', ""#biden's"", '#climateczar', '#johnkerry', '#climatechange:', '""it\'s', 'political...', 'universal', 'issue', 'defined', 'science.""', '@disclosetv']","science dictates male female fully interchangeable? conceived human child mass cells? new #biden's #climateczar #johnkerry #climatechange: ""it's political... universal issue defined science."" @disclosetv","['science', 'dictate', 'male', 'female', 'fully', 'interchangeable', 'conceive', 'human', 'child', 'mass', 'cell', 'new', 'biden', 'climateczar', 'johnkerry', 'climatechange', 'political', 'universal', 'issue', 'define', 'science', '@disclosetv']",science dictate male female fully interchangeable conceive human child mass cell new biden climateczar johnkerry climatechange political universal issue define science @disclosetv,"['science', 'dictate', 'male', 'female', 'fully', 'interchangeable', 'conceive', 'human', 'child', 'mass', 'cell', 'new', 'biden', 'climateczar', 'johnkerry', 'climatechange', 'political', 'universal', 'issue', 'define', 'science', 'disclosetv']",[],['issue'],['issue'],1,0,1,-1
54,54,2022-09-09T23:47:47.000Z,en,1554125013707804672,Here morning article. #ClimateEmergency Zombie Towns $ETLG #Earthlingeco delivering knowledges &amp; will for community about global warming &amp; climatechange.  #RichQUACK $QUACK #QUACKarmy #Earthlingwarriors #Web3 #NFTs  ,1568385710687940609,"['morning', 'article.', '#climateemergency', 'zombie', 'towns', '$etlg', '#earthlingeco', 'delivering', 'knowledges', 'community', 'global', 'warming', 'climatechange.', '#richquack', '$quack', '#quackarmy', '#earthlingwarriors', '#web3', '#nfts']",Here morning article. #ClimateEmergency Zombie Towns $ETLG #Earthlingeco delivering knowledges &amp; will for community about global warming &amp; climatechange. #RichQUACK $QUACK #QUACKarmy #Earthlingwarriors #Web3 #NFTs,Here morning article. #ClimateEmergency Zombie Towns $ETLG #Earthlingeco delivering knowledges &amp; will for community about global warming &amp; climatechange. #RichQUACK $QUACK #QUACKarmy #Earthlingwarriors #Web3 #NFTs,"['morning', 'article.', '#climateemergency', 'zombie', 'towns', '$etlg', '#earthlingeco', 'delivering', 'knowledges', 'community', 'global', 'warming', 'climatechange.', '#richquack', '$quack', '#quackarmy', '#earthlingwarriors', '#web3', '#nfts']",morning article. #climateemergency zombie towns $etlg #earthlingeco delivering knowledges community global warming climatechange. #richquack $quack #quackarmy #earthlingwarriors #web3 #nfts,"['morning', 'article', 'climateemergency', 'zombie', 'town', '$', 'etlg', 'earthlingeco', 'deliver', 'knowledge', 'community', 'global', 'warming', 'climatechange', 'richquack', '$', 'quack', 'quackarmy', 'earthlingwarrior', 'web3', 'nft']",morning article climateemergency zombie town $ etlg earthlingeco deliver knowledge community global warming climatechange richquack $ quack quackarmy earthlingwarrior web3 nft,"['morning', 'article', 'climateemergency', 'zombie', 'town', 'etlg', 'earthlingeco', 'deliver', 'knowledge', 'community', 'global', 'warming', 'climatechange', 'richquack', 'quack', 'quackarmy', 'earthlingwarrior', 'web3', 'nft']",[],"['zombie', 'quack']","['zombie', 'quack']",2,0,1,-1
55,55,2022-09-09T23:47:16.000Z,en,1223421798802436096,"RT @EpochOpinion: Roger L. Simon The minute they switched ‚Äú#GlobalWarming‚Äù to ‚Äú#ClimateChange,‚Äù you knew they were lying. And‚Ä¶",1568385581750550529,"['@epochopinion:', 'roger', 'l.', 'simon', 'minute', 'switched', '‚Äú#globalwarming‚Äù', '‚Äú#climatechange,‚Äù', 'knew', 'lying.', 'and‚Ä¶']","RT @EpochOpinion: Roger L. Simon The minute they switched ‚Äú#GlobalWarming‚Äù to ‚Äú#ClimateChange,‚Äù you knew they were lying. And‚Ä¶","RT @EpochOpinion: Roger L. Simon The minute they switched ‚Äú#GlobalWarming‚Äù to ‚Äú#ClimateChange,‚Äù you knew they were lying. And‚Ä¶","['rt', '@epochopinion:', 'roger', 'l.', 'simon', 'minute', 'switched', '‚Äú#globalwarming‚Äù', '‚Äú#climatechange,‚Äù', 'knew', 'lying.', 'and‚Ä¶']","rt @epochopinion: roger l. simon minute switched ‚Äú#globalwarming‚Äù ‚Äú#climatechange,‚Äù knew lying. and‚Ä¶","['rt', '@epochopinion', 'roger', 'l.', 'simon', 'minute', 'switch', 'globalwarme', 'climatechange', 'know', 'lie']",rt @epochopinion roger l. simon minute switch globalwarme climatechange know lie,"['rt', 'epochopinion', 'roger', 'l.', 'simon', 'minute', 'switch', 'globalwarme', 'climatechange', 'know', 'lie']",[],['lie'],['lie'],1,0,1,-1
56,56,2022-09-09T23:47:02.000Z,en,274045769,@PatKelly1158 He may be even more powerful in bringing foreign leaders into dealing with #ClimateChange.,1568385521319309312,"['@patkelly1158', 'powerful', 'bringing', 'foreign', 'leaders', 'dealing', '#climatechange.']",@PatKelly1158 He may be even more powerful in bringing foreign leaders into dealing with #ClimateChange.,@PatKelly1158 He may be even more powerful in bringing foreign leaders into dealing with #ClimateChange.,"['@patkelly1158', 'powerful', 'bringing', 'foreign', 'leaders', 'dealing', '#climatechange.']",@patkelly1158 powerful bringing foreign leaders dealing #climatechange.,"['@patkelly1158', 'powerful', 'bring', 'foreign', 'leader', 'deal', 'climatechange']",@patkelly1158 powerful bring foreign leader deal climatechange,"['patkelly1158', 'powerful', 'bring', 'foreign', 'leader', 'deal', 'climatechange']",['powerful'],[],['powerful'],1,1,0,1
58,58,2022-09-09T23:46:31.000Z,en,1487430991501303809,RT @DEATHBALL13: Let's not forget good old #CharlieChester and the propaganda machine @CNN. #ClimateChange #FakeNews #DemocratsAreDestroyin‚Ä¶,1568385390909833216,"['@deathball13:', ""let's"", 'forget', 'good', 'old', '#charliechester', 'propaganda', 'machine', '@cnn.', '#climatechange', '#fakenews', '#democratsaredestroyin‚Ä¶']",RT @DEATHBALL13: Let's not forget good old #CharlieChester and the propaganda machine @CNN. #ClimateChange #FakeNews #DemocratsAreDestroyin‚Ä¶,RT @DEATHBALL13: Let's not forget good old #CharlieChester and the propaganda machine @CNN. #ClimateChange #FakeNews #DemocratsAreDestroyin‚Ä¶,"['rt', '@deathball13:', ""let's"", 'forget', 'good', 'old', '#charliechester', 'propaganda', 'machine', '@cnn.', '#climatechange', '#fakenews', '#democratsaredestroyin‚Ä¶']",rt @deathball13: let's forget good old #charliechester propaganda machine @cnn. #climatechange #fakenews #democratsaredestroyin‚Ä¶,"['rt', '@deathball13', 'let', 'forget', 'good', 'old', 'charliechester', 'propaganda', 'machine', '@cnn', 'climatechange', 'fakenew', 'democratsaredestroyin']",rt @deathball13 let forget good old charliechester propaganda machine @cnn climatechange fakenew democratsaredestroyin,"['rt', 'deathball13', 'let', 'forget', 'good', 'old', 'charliechester', 'propaganda', 'machine', 'cnn', 'climatechange', 'fakenew', 'democratsaredestroyin']",['good'],['propaganda'],"['good', 'propaganda']",2,1,1,0
59,59,2022-09-09T23:45:25.000Z,en,161559649,RT @dvdmckay: We‚Äôve got a new paper out on climate #TippingPoints in @ScienceMagazine: ‚ÄúExceeding 1.5¬∞C global warming could trigger multip‚Ä¶,1568385115226796033,"['@dvdmckay:', 'we‚Äôve', 'got', 'new', 'paper', 'climate', '#tippingpoints', '@sciencemagazine:', '‚Äúexceeding', '1.5¬∞c', 'global', 'warming', 'trigger', 'multip‚Ä¶']",RT @dvdmckay: We‚Äôve got a new paper out on climate #TippingPoints in @ScienceMagazine: ‚ÄúExceeding 1.5¬∞C global warming could trigger multip‚Ä¶,RT @dvdmckay: We‚Äôve got a new paper out on climate #TippingPoints in @ScienceMagazine: ‚ÄúExceeding 1.5¬∞C global warming could trigger multip‚Ä¶,"['rt', '@dvdmckay:', 'we‚Äôve', 'new', 'paper', '#tippingpoints', '@sciencemagazine:', '‚Äúexceeding', '1.5¬∞c', 'global', 'warming', 'trigger', 'multip‚Ä¶']",rt @dvdmckay: we‚Äôve new paper #tippingpoints @sciencemagazine: ‚Äúexceeding 1.5¬∞c global warming trigger multip‚Ä¶,"['rt', '@dvdmckay', 'new', 'paper', 'tippingpoint', '@sciencemagazine', 'exceed', '1.5', '¬∞', 'c', 'global', 'warming', 'trigger', 'multip']",rt @dvdmckay new paper tippingpoint @sciencemagazine exceed 1.5 ¬∞ c global warming trigger multip,"['rt', 'dvdmckay', 'new', 'paper', 'tippingpoint', 'sciencemagazine', 'exceed', '1.5', '¬∞', 'c', 'global', 'warming', 'trigger', 'multip']",['exceed'],[],['exceed'],1,1,0,1
65,65,2022-09-09T23:43:03.000Z,en,1062349588856819713,RT @lynn_of_cait: The GOP claims it‚Äôs just a hoax or climate hysteria. But this is the same exact spot in the Arctic ocean photographed 105‚Ä¶,1568384520461631489,"['@lynn_of_cait:', 'gop', 'claims', 'hoax', 'climate', 'hysteria.', 'exact', 'spot', 'arctic', 'ocean', 'photographed', '105‚Ä¶']",RT @lynn_of_cait: The GOP claims it‚Äôs just a hoax or climate hysteria. But this is the same exact spot in the Arctic ocean photographed 105‚Ä¶,RT @lynn_of_cait: The GOP claims it‚Äôs just a hoax or climate hysteria. But this is the same exact spot in the Arctic ocean photographed 105‚Ä¶,"['rt', '@lynn_of_cait:', 'gop', 'claims', 'hoax', 'hysteria.', 'exact', 'spot', 'arctic', 'ocean', 'photographed', '105‚Ä¶']",rt @lynn_of_cait: gop claims hoax hysteria. exact spot arctic ocean photographed 105‚Ä¶,"['rt', '@lynn_of_cait', 'gop', 'claim', 'hoax', 'hysteria', 'exact', 'spot', 'arctic', 'ocean', 'photograph', '105']",rt @lynn_of_cait gop claim hoax hysteria exact spot arctic ocean photograph 105,"['rt', 'lynn_of_cait', 'gop', 'claim', 'hoax', 'hysteria', 'exact', 'spot', 'arctic', 'ocean', 'photograph', '105']",[],"['hoax', 'hysteria']","['hoax', 'hysteria']",2,0,1,-1
66,66,2022-09-09T23:42:57.000Z,en,1436140150921183267,RT @anncherie49: #Fauziah just referred to #ClimateChange as ‚Äúfashionable‚Äù. Irresponsible journalism on #ABC @abcnews @BreakfastNews,1568384496709554177,"['@anncherie49:', '#fauziah', 'referred', '#climatechange', '‚Äúfashionable‚Äù.', 'irresponsible', 'journalism', '#abc', '@abcnews', '@breakfastnews']",RT @anncherie49: #Fauziah just referred to #ClimateChange as ‚Äúfashionable‚Äù. Irresponsible journalism on #ABC @abcnews @BreakfastNews,RT @anncherie49: #Fauziah just referred to #ClimateChange as ‚Äúfashionable‚Äù. Irresponsible journalism on #ABC @abcnews @BreakfastNews,"['rt', '@anncherie49:', '#fauziah', 'referred', '#climatechange', '‚Äúfashionable‚Äù.', 'irresponsible', 'journalism', '#abc', '@abcnews', '@breakfastnews']",rt @anncherie49: #fauziah referred #climatechange ‚Äúfashionable‚Äù. irresponsible journalism #abc @abcnews @breakfastnews,"['rt', '@anncherie49', 'fauziah', 'refer', 'climatechange', 'fashionable', 'irresponsible', 'journalism', 'abc', '@abcnews', '@breakfastnew']",rt @anncherie49 fauziah refer climatechange fashionable irresponsible journalism abc @abcnews @breakfastnew,"['rt', 'anncherie49', 'fauziah', 'refer', 'climatechange', 'fashionable', 'irresponsible', 'journalism', 'abc', 'abcnews', 'breakfastnew']",['fashionable'],['irresponsible'],"['fashionable', 'irresponsible']",2,1,1,0
67,67,2022-09-09T23:42:36.000Z,en,1131377111854342147,RT @anncherie49: #Fauziah just referred to #ClimateChange as ‚Äúfashionable‚Äù. Irresponsible journalism on #ABC @abcnews @BreakfastNews,1568384408612409346,"['@anncherie49:', '#fauziah', 'referred', '#climatechange', '‚Äúfashionable‚Äù.', 'irresponsible', 'journalism', '#abc', '@abcnews', '@breakfastnews']",RT @anncherie49: #Fauziah just referred to #ClimateChange as ‚Äúfashionable‚Äù. Irresponsible journalism on #ABC @abcnews @BreakfastNews,RT @anncherie49: #Fauziah just referred to #ClimateChange as ‚Äúfashionable‚Äù. Irresponsible journalism on #ABC @abcnews @BreakfastNews,"['rt', '@anncherie49:', '#fauziah', 'referred', '#climatechange', '‚Äúfashionable‚Äù.', 'irresponsible', 'journalism', '#abc', '@abcnews', '@breakfastnews']",rt @anncherie49: #fauziah referred #climatechange ‚Äúfashionable‚Äù. irresponsible journalism #abc @abcnews @breakfastnews,"['rt', '@anncherie49', 'fauziah', 'refer', 'climatechange', 'fashionable', 'irresponsible', 'journalism', 'abc', '@abcnews', '@breakfastnew']",rt @anncherie49 fauziah refer climatechange fashionable irresponsible journalism abc @abcnews @breakfastnew,"['rt', 'anncherie49', 'fauziah', 'refer', 'climatechange', 'fashionable', 'irresponsible', 'journalism', 'abc', 'abcnews', 'breakfastnew']",['fashionable'],['irresponsible'],"['fashionable', 'irresponsible']",2,1,1,0
68,68,2022-09-09T23:42:32.000Z,en,1490782775582273536,RT @anncherie49: #Fauziah just referred to #ClimateChange as ‚Äúfashionable‚Äù. Irresponsible journalism on #ABC @abcnews @BreakfastNews,1568384389675118592,"['@anncherie49:', '#fauziah', 'referred', '#climatechange', '‚Äúfashionable‚Äù.', 'irresponsible', 'journalism', '#abc', '@abcnews', '@breakfastnews']",RT @anncherie49: #Fauziah just referred to #ClimateChange as ‚Äúfashionable‚Äù. Irresponsible journalism on #ABC @abcnews @BreakfastNews,RT @anncherie49: #Fauziah just referred to #ClimateChange as ‚Äúfashionable‚Äù. Irresponsible journalism on #ABC @abcnews @BreakfastNews,"['rt', '@anncherie49:', '#fauziah', 'referred', '#climatechange', '‚Äúfashionable‚Äù.', 'irresponsible', 'journalism', '#abc', '@abcnews', '@breakfastnews']",rt @anncherie49: #fauziah referred #climatechange ‚Äúfashionable‚Äù. irresponsible journalism #abc @abcnews @breakfastnews,"['rt', '@anncherie49', 'fauziah', 'refer', 'climatechange', 'fashionable', 'irresponsible', 'journalism', 'abc', '@abcnews', '@breakfastnew']",rt @anncherie49 fauziah refer climatechange fashionable irresponsible journalism abc @abcnews @breakfastnew,"['rt', 'anncherie49', 'fauziah', 'refer', 'climatechange', 'fashionable', 'irresponsible', 'journalism', 'abc', 'abcnews', 'breakfastnew']",['fashionable'],['irresponsible'],"['fashionable', 'irresponsible']",2,1,1,0
69,69,2022-09-09T23:42:00.000Z,en,1366237165982605312,RT @anncherie49: #Fauziah just referred to #ClimateChange as ‚Äúfashionable‚Äù. Irresponsible journalism on #ABC @abcnews @BreakfastNews,1568384257437073410,"['@anncherie49:', '#fauziah', 'referred', '#climatechange', '‚Äúfashionable‚Äù.', 'irresponsible', 'journalism', '#abc', '@abcnews', '@breakfastnews']",RT @anncherie49: #Fauziah just referred to #ClimateChange as ‚Äúfashionable‚Äù. Irresponsible journalism on #ABC @abcnews @BreakfastNews,RT @anncherie49: #Fauziah just referred to #ClimateChange as ‚Äúfashionable‚Äù. Irresponsible journalism on #ABC @abcnews @BreakfastNews,"['rt', '@anncherie49:', '#fauziah', 'referred', '#climatechange', '‚Äúfashionable‚Äù.', 'irresponsible', 'journalism', '#abc', '@abcnews', '@breakfastnews']",rt @anncherie49: #fauziah referred #climatechange ‚Äúfashionable‚Äù. irresponsible journalism #abc @abcnews @breakfastnews,"['rt', '@anncherie49', 'fauziah', 'refer', 'climatechange', 'fashionable', 'irresponsible', 'journalism', 'abc', '@abcnews', '@breakfastnew']",rt @anncherie49 fauziah refer climatechange fashionable irresponsible journalism abc @abcnews @breakfastnew,"['rt', 'anncherie49', 'fauziah', 'refer', 'climatechange', 'fashionable', 'irresponsible', 'journalism', 'abc', 'abcnews', 'breakfastnew']",['fashionable'],['irresponsible'],"['fashionable', 'irresponsible']",2,1,1,0
70,70,2022-09-09T23:41:57.000Z,en,3301926908,Three ways #CLIMATE change makes adventure tourism riskier  #GlobalWarming #climatechange,1568384244946182148,"['ways', '#climate', 'change', 'makes', 'adventure', 'tourism', 'riskier', '#globalwarming', '#climatechange']",Three ways #CLIMATE change makes adventure tourism riskier #GlobalWarming #climatechange,Three ways #CLIMATE change makes adventure tourism riskier #GlobalWarming #climatechange,"['ways', '#climate', 'makes', 'adventure', 'tourism', 'riskier', '#globalwarming', '#climatechange']",ways #climate makes adventure tourism riskier #globalwarming #climatechange,"['way', 'climate', 'make', 'adventure', 'tourism', 'risky', 'globalwarme', 'climatechange']",way climate make adventure tourism risky globalwarme climatechange,"['way', 'climate', 'make', 'adventure', 'tourism', 'risky', 'globalwarme', 'climatechange']",[],['risky'],['risky'],1,0,1,-1
72,72,2022-09-09T23:41:28.000Z,en,3111226033,Three ways #CLIMATE change makes adventure tourism riskier  #GPWX #GlobalWarming #climatechange,1568384122443251712,"['ways', '#climate', 'change', 'makes', 'adventure', 'tourism', 'riskier', '#gpwx', '#globalwarming', '#climatechange']",Three ways #CLIMATE change makes adventure tourism riskier #GPWX #GlobalWarming #climatechange,Three ways #CLIMATE change makes adventure tourism riskier #GPWX #GlobalWarming #climatechange,"['ways', '#climate', 'makes', 'adventure', 'tourism', 'riskier', '#gpwx', '#globalwarming', '#climatechange']",ways #climate makes adventure tourism riskier #gpwx #globalwarming #climatechange,"['way', 'climate', 'make', 'adventure', 'tourism', 'risky', 'gpwx', 'globalwarme', 'climatechange']",way climate make adventure tourism risky gpwx globalwarme climatechange,"['way', 'climate', 'make', 'adventure', 'tourism', 'risky', 'gpwx', 'globalwarme', 'climatechange']",[],['risky'],['risky'],1,0,1,-1
73,73,2022-09-09T23:41:03.000Z,en,1034284633,RT @anncherie49: #Fauziah just referred to #ClimateChange as ‚Äúfashionable‚Äù. Irresponsible journalism on #ABC @abcnews @BreakfastNews,1568384017300606976,"['@anncherie49:', '#fauziah', 'referred', '#climatechange', '‚Äúfashionable‚Äù.', 'irresponsible', 'journalism', '#abc', '@abcnews', '@breakfastnews']",RT @anncherie49: #Fauziah just referred to #ClimateChange as ‚Äúfashionable‚Äù. Irresponsible journalism on #ABC @abcnews @BreakfastNews,RT @anncherie49: #Fauziah just referred to #ClimateChange as ‚Äúfashionable‚Äù. Irresponsible journalism on #ABC @abcnews @BreakfastNews,"['rt', '@anncherie49:', '#fauziah', 'referred', '#climatechange', '‚Äúfashionable‚Äù.', 'irresponsible', 'journalism', '#abc', '@abcnews', '@breakfastnews']",rt @anncherie49: #fauziah referred #climatechange ‚Äúfashionable‚Äù. irresponsible journalism #abc @abcnews @breakfastnews,"['rt', '@anncherie49', 'fauziah', 'refer', 'climatechange', 'fashionable', 'irresponsible', 'journalism', 'abc', '@abcnews', '@breakfastnew']",rt @anncherie49 fauziah refer climatechange fashionable irresponsible journalism abc @abcnews @breakfastnew,"['rt', 'anncherie49', 'fauziah', 'refer', 'climatechange', 'fashionable', 'irresponsible', 'journalism', 'abc', 'abcnews', 'breakfastnew']",['fashionable'],['irresponsible'],"['fashionable', 'irresponsible']",2,1,1,0
77,77,2022-09-09T23:40:10.000Z,en,1581995870,@catturd2 Sometimes it gets really really windy. It scares me. #ClimateChange,1568383793865564161,"['@catturd2', 'gets', 'windy.', 'scares', 'me.', '#climatechange']",@catturd2 Sometimes it gets really really windy. It scares me. #ClimateChange,@catturd2 Sometimes it gets really really windy. It scares me. #ClimateChange,"['@catturd2', 'gets', 'windy.', 'scares', 'me.', '#climatechange']",@catturd2 gets windy. scares me. #climatechange,"['@catturd2', 'get', 'windy', 'scare', 'climatechange']",@catturd2 get windy scare climatechange,"['catturd2', 'get', 'windy', 'scare', 'climatechange']",[],['scare'],['scare'],1,0,1,-1
78,78,2022-09-09T23:39:54.000Z,en,1517382236747665408,RT @anncherie49: #Fauziah just referred to #ClimateChange as ‚Äúfashionable‚Äù. Irresponsible journalism on #ABC @abcnews @BreakfastNews,1568383726845063172,"['@anncherie49:', '#fauziah', 'referred', '#climatechange', '‚Äúfashionable‚Äù.', 'irresponsible', 'journalism', '#abc', '@abcnews', '@breakfastnews']",RT @anncherie49: #Fauziah just referred to #ClimateChange as ‚Äúfashionable‚Äù. Irresponsible journalism on #ABC @abcnews @BreakfastNews,RT @anncherie49: #Fauziah just referred to #ClimateChange as ‚Äúfashionable‚Äù. Irresponsible journalism on #ABC @abcnews @BreakfastNews,"['rt', '@anncherie49:', '#fauziah', 'referred', '#climatechange', '‚Äúfashionable‚Äù.', 'irresponsible', 'journalism', '#abc', '@abcnews', '@breakfastnews']",rt @anncherie49: #fauziah referred #climatechange ‚Äúfashionable‚Äù. irresponsible journalism #abc @abcnews @breakfastnews,"['rt', '@anncherie49', 'fauziah', 'refer', 'climatechange', 'fashionable', 'irresponsible', 'journalism', 'abc', '@abcnews', '@breakfastnew']",rt @anncherie49 fauziah refer climatechange fashionable irresponsible journalism abc @abcnews @breakfastnew,"['rt', 'anncherie49', 'fauziah', 'refer', 'climatechange', 'fashionable', 'irresponsible', 'journalism', 'abc', 'abcnews', 'breakfastnew']",['fashionable'],['irresponsible'],"['fashionable', 'irresponsible']",2,1,1,0
79,79,2022-09-09T23:39:37.000Z,en,2615044988,"RT @EkeleJiata: From #ClimateChange, Africa faces exponential collateral damage, posing systemic risks to its economies, infrastructure inv‚Ä¶",1568383657227812864,"['@ekelejiata:', '#climatechange,', 'africa', 'faces', 'exponential', 'collateral', 'damage,', 'posing', 'systemic', 'risks', 'economies,', 'infrastructure', 'inv‚Ä¶']","RT @EkeleJiata: From #ClimateChange, Africa faces exponential collateral damage, posing systemic risks to its economies, infrastructure inv‚Ä¶","RT @EkeleJiata: From #ClimateChange, Africa faces exponential collateral damage, posing systemic risks to its economies, infrastructure inv‚Ä¶","['rt', '@ekelejiata:', '#climatechange,', 'africa', 'faces', 'exponential', 'collateral', 'damage,', 'posing', 'systemic', 'risks', 'economies,', 'infrastructure', 'inv‚Ä¶']","rt @ekelejiata: #climatechange, africa faces exponential collateral damage, posing systemic risks economies, infrastructure inv‚Ä¶","['rt', '@ekelejiata', 'climatechange', 'africa', 'face', 'exponential', 'collateral', 'damage', 'pose', 'systemic', 'risk', 'economy', 'infrastructure', 'inv']",rt @ekelejiata climatechange africa face exponential collateral damage pose systemic risk economy infrastructure inv,"['rt', 'ekelejiata', 'climatechange', 'africa', 'face', 'exponential', 'collateral', 'damage', 'pose', 'systemic', 'risk', 'economy', 'infrastructure', 'inv']",[],"['damage', 'risk']","['damage', 'risk']",2,0,1,-1
80,80,2022-09-09T23:39:20.000Z,en,922361848703328257,RT @anncherie49: #Fauziah just referred to #ClimateChange as ‚Äúfashionable‚Äù. Irresponsible journalism on #ABC @abcnews @BreakfastNews,1568383585262141440,"['@anncherie49:', '#fauziah', 'referred', '#climatechange', '‚Äúfashionable‚Äù.', 'irresponsible', 'journalism', '#abc', '@abcnews', '@breakfastnews']",RT @anncherie49: #Fauziah just referred to #ClimateChange as ‚Äúfashionable‚Äù. Irresponsible journalism on #ABC @abcnews @BreakfastNews,RT @anncherie49: #Fauziah just referred to #ClimateChange as ‚Äúfashionable‚Äù. Irresponsible journalism on #ABC @abcnews @BreakfastNews,"['rt', '@anncherie49:', '#fauziah', 'referred', '#climatechange', '‚Äúfashionable‚Äù.', 'irresponsible', 'journalism', '#abc', '@abcnews', '@breakfastnews']",rt @anncherie49: #fauziah referred #climatechange ‚Äúfashionable‚Äù. irresponsible journalism #abc @abcnews @breakfastnews,"['rt', '@anncherie49', 'fauziah', 'refer', 'climatechange', 'fashionable', 'irresponsible', 'journalism', 'abc', '@abcnews', '@breakfastnew']",rt @anncherie49 fauziah refer climatechange fashionable irresponsible journalism abc @abcnews @breakfastnew,"['rt', 'anncherie49', 'fauziah', 'refer', 'climatechange', 'fashionable', 'irresponsible', 'journalism', 'abc', 'abcnews', 'breakfastnew']",['fashionable'],['irresponsible'],"['fashionable', 'irresponsible']",2,1,1,0
81,81,2022-09-09T23:39:18.000Z,cy,292619181,Kalashni coughdrop  #poetry #SpokenWord #writer #publisher #bookofpoetry #peace #love #antiwar #ClimateChange 1,1568383574918971394,"['kalashni', 'coughdrop', '#poetry', '#spokenword', '#writer', '#publisher', '#bookofpoetry', '#peace', '#love', '#antiwar', '#climatechange', '1']",Kalashni coughdrop #poetry #SpokenWord #writer #publisher #bookofpoetry #peace #love #antiwar #ClimateChange 1,Kalashni coughdrop #poetry #SpokenWord #writer #publisher #bookofpoetry #peace #love #antiwar #ClimateChange 1,"['kalashni', 'coughdrop', '#poetry', '#spokenword', '#writer', '#publisher', '#bookofpoetry', '#peace', '#love', '#antiwar', '#climatechange', '1']",kalashni coughdrop #poetry #spokenword #writer #publisher #bookofpoetry #peace #love #antiwar #climatechange 1,"['kalashni', 'coughdrop', 'poetry', 'spokenword', 'writer', 'publisher', 'bookofpoetry', 'peace', 'love', 'antiwar', 'climatechange', '1']",kalashni coughdrop poetry spokenword writer publisher bookofpoetry peace love antiwar climatechange 1,"['kalashni', 'coughdrop', 'poetry', 'spokenword', 'writer', 'publisher', 'bookofpoetry', 'peace', 'love', 'antiwar', 'climatechange', '1']","['peace', 'love']",[],"['peace', 'love']",2,1,0,1
82,82,2022-09-09T23:38:22.000Z,en,1378550820,RT @anncherie49: #Fauziah just referred to #ClimateChange as ‚Äúfashionable‚Äù. Irresponsible journalism on #ABC @abcnews @BreakfastNews,1568383342055407616,"['@anncherie49:', '#fauziah', 'referred', '#climatechange', '‚Äúfashionable‚Äù.', 'irresponsible', 'journalism', '#abc', '@abcnews', '@breakfastnews']",RT @anncherie49: #Fauziah just referred to #ClimateChange as ‚Äúfashionable‚Äù. Irresponsible journalism on #ABC @abcnews @BreakfastNews,RT @anncherie49: #Fauziah just referred to #ClimateChange as ‚Äúfashionable‚Äù. Irresponsible journalism on #ABC @abcnews @BreakfastNews,"['rt', '@anncherie49:', '#fauziah', 'referred', '#climatechange', '‚Äúfashionable‚Äù.', 'irresponsible', 'journalism', '#abc', '@abcnews', '@breakfastnews']",rt @anncherie49: #fauziah referred #climatechange ‚Äúfashionable‚Äù. irresponsible journalism #abc @abcnews @breakfastnews,"['rt', '@anncherie49', 'fauziah', 'refer', 'climatechange', 'fashionable', 'irresponsible', 'journalism', 'abc', '@abcnews', '@breakfastnew']",rt @anncherie49 fauziah refer climatechange fashionable irresponsible journalism abc @abcnews @breakfastnew,"['rt', 'anncherie49', 'fauziah', 'refer', 'climatechange', 'fashionable', 'irresponsible', 'journalism', 'abc', 'abcnews', 'breakfastnew']",['fashionable'],['irresponsible'],"['fashionable', 'irresponsible']",2,1,1,0
83,83,2022-09-09T23:38:09.000Z,en,19644337,RT @dvdmckay: We‚Äôve got a new paper out on climate #TippingPoints in @ScienceMagazine: ‚ÄúExceeding 1.5¬∞C global warming could trigger multip‚Ä¶,1568383288833888256,"['@dvdmckay:', 'we‚Äôve', 'got', 'new', 'paper', 'climate', '#tippingpoints', '@sciencemagazine:', '‚Äúexceeding', '1.5¬∞c', 'global', 'warming', 'trigger', 'multip‚Ä¶']",RT @dvdmckay: We‚Äôve got a new paper out on climate #TippingPoints in @ScienceMagazine: ‚ÄúExceeding 1.5¬∞C global warming could trigger multip‚Ä¶,RT @dvdmckay: We‚Äôve got a new paper out on climate #TippingPoints in @ScienceMagazine: ‚ÄúExceeding 1.5¬∞C global warming could trigger multip‚Ä¶,"['rt', '@dvdmckay:', 'we‚Äôve', 'new', 'paper', '#tippingpoints', '@sciencemagazine:', '‚Äúexceeding', '1.5¬∞c', 'global', 'warming', 'trigger', 'multip‚Ä¶']",rt @dvdmckay: we‚Äôve new paper #tippingpoints @sciencemagazine: ‚Äúexceeding 1.5¬∞c global warming trigger multip‚Ä¶,"['rt', '@dvdmckay', 'new', 'paper', 'tippingpoint', '@sciencemagazine', 'exceed', '1.5', '¬∞', 'c', 'global', 'warming', 'trigger', 'multip']",rt @dvdmckay new paper tippingpoint @sciencemagazine exceed 1.5 ¬∞ c global warming trigger multip,"['rt', 'dvdmckay', 'new', 'paper', 'tippingpoint', 'sciencemagazine', 'exceed', '1.5', '¬∞', 'c', 'global', 'warming', 'trigger', 'multip']",['exceed'],[],['exceed'],1,1,0,1
84,84,2022-09-09T23:38:01.000Z,en,1261355240630059010,"Sorry, you can't be both an environmentalist AND pro-nuke.  #nonukes #nuclear #nuclearpower #nuclearenergy #dirtyenergy #climate #climatechange #falsesolutions #moreharmthangood",1568383255199752192,"['sorry,', ""can't"", 'environmentalist', 'pro-nuke.', '#nonukes', '#nuclear', '#nuclearpower', '#nuclearenergy', '#dirtyenergy', '#climate', '#climatechange', '#falsesolutions', '#moreharmthangood']","Sorry, you can't be both an environmentalist AND pro-nuke. #nonukes #nuclear #nuclearpower #nuclearenergy #dirtyenergy #climate #climatechange #falsesolutions #moreharmthangood","Sorry, you can't be both an environmentalist AND pro-nuke. #nonukes #nuclear #nuclearpower #nuclearenergy #dirtyenergy #climate #climatechange #falsesolutions #moreharmthangood","['sorry,', ""can't"", 'environmentalist', 'pro-nuke.', '#nonukes', '#nuclear', '#nuclearpower', '#nuclearenergy', '#dirtyenergy', '#climate', '#climatechange', '#falsesolutions', '#moreharmthangood']","sorry, can't environmentalist pro-nuke. #nonukes #nuclear #nuclearpower #nuclearenergy #dirtyenergy #climate #climatechange #falsesolutions #moreharmthangood","['sorry', 'environmentalist', 'pro', 'nuke', 'nonuke', 'nuclear', 'nuclearpow', 'nuclearenergy', 'dirtyenergy', 'climate', 'climatechange', 'falsesolution', 'moreharmthangood']",sorry environmentalist pro nuke nonuke nuclear nuclearpow nuclearenergy dirtyenergy climate climatechange falsesolution moreharmthangood,"['sorry', 'environmentalist', 'pro', 'nuke', 'nonuke', 'nuclear', 'nuclearpow', 'nuclearenergy', 'dirtyenergy', 'climate', 'climatechange', 'falsesolution', 'moreharmthangood']",[],['sorry'],['sorry'],1,0,1,-1
85,85,2022-09-09T23:37:43.000Z,en,824454522869350400,RT @frequentbuyer1: @RepNancyMace And then there‚Äôs your vote AGAINST the #InflationReductionAct that addressed #ClimateChange issues that I‚Ä¶,1568383177227386881,"['@frequentbuyer1:', '@repnancymace', 'there‚Äôs', 'vote', '#inflationreductionact', 'addressed', '#climatechange', 'issues', 'i‚Ä¶']",RT @frequentbuyer1: @RepNancyMace And then there‚Äôs your vote AGAINST the #InflationReductionAct that addressed #ClimateChange issues that I‚Ä¶,RT @frequentbuyer1: @RepNancyMace And then there‚Äôs your vote AGAINST the #InflationReductionAct that addressed #ClimateChange issues that I‚Ä¶,"['rt', '@frequentbuyer1:', '@repnancymace', 'there‚Äôs', 'vote', '#inflationreductionact', 'addressed', '#climatechange', 'issues', 'i‚Ä¶']",rt @frequentbuyer1: @repnancymace there‚Äôs vote #inflationreductionact addressed #climatechange issues i‚Ä¶,"['rt', '@frequentbuyer1', '@repnancymace', 'vote', 'inflationreductionact', 'address', 'climatechange', 'issue']",rt @frequentbuyer1 @repnancymace vote inflationreductionact address climatechange issue,"['rt', 'frequentbuyer1', 'repnancymace', 'vote', 'inflationreductionact', 'address', 'climatechange', 'issue']",[],['issue'],['issue'],1,0,1,-1
86,86,2022-09-09T23:36:40.000Z,en,3259574756,RT @anncherie49: #Fauziah just referred to #ClimateChange as ‚Äúfashionable‚Äù. Irresponsible journalism on #ABC @abcnews @BreakfastNews,1568382913133289472,"['@anncherie49:', '#fauziah', 'referred', '#climatechange', '‚Äúfashionable‚Äù.', 'irresponsible', 'journalism', '#abc', '@abcnews', '@breakfastnews']",RT @anncherie49: #Fauziah just referred to #ClimateChange as ‚Äúfashionable‚Äù. Irresponsible journalism on #ABC @abcnews @BreakfastNews,RT @anncherie49: #Fauziah just referred to #ClimateChange as ‚Äúfashionable‚Äù. Irresponsible journalism on #ABC @abcnews @BreakfastNews,"['rt', '@anncherie49:', '#fauziah', 'referred', '#climatechange', '‚Äúfashionable‚Äù.', 'irresponsible', 'journalism', '#abc', '@abcnews', '@breakfastnews']",rt @anncherie49: #fauziah referred #climatechange ‚Äúfashionable‚Äù. irresponsible journalism #abc @abcnews @breakfastnews,"['rt', '@anncherie49', 'fauziah', 'refer', 'climatechange', 'fashionable', 'irresponsible', 'journalism', 'abc', '@abcnews', '@breakfastnew']",rt @anncherie49 fauziah refer climatechange fashionable irresponsible journalism abc @abcnews @breakfastnew,"['rt', 'anncherie49', 'fauziah', 'refer', 'climatechange', 'fashionable', 'irresponsible', 'journalism', 'abc', 'abcnews', 'breakfastnew']",['fashionable'],['irresponsible'],"['fashionable', 'irresponsible']",2,1,1,0
87,87,2022-09-09T23:36:07.000Z,en,2188488030,"RT @EarthKikashi: Protect the country and regime Maintaining economy and affluence As a result, continue to burn fossil fuels Leaders ignor‚Ä¶",1568382775924867072,"['@earthkikashi:', 'protect', 'country', 'regime', 'maintaining', 'economy', 'affluence', 'result,', 'continue', 'burn', 'fossil', 'fuels', 'leaders', 'ignor‚Ä¶']","RT @EarthKikashi: Protect the country and regime Maintaining economy and affluence As a result, continue to burn fossil fuels Leaders ignor‚Ä¶","RT @EarthKikashi: Protect the country and regime Maintaining economy and affluence As a result, continue to burn fossil fuels Leaders ignor‚Ä¶","['rt', '@earthkikashi:', 'protect', 'country', 'regime', 'maintaining', 'economy', 'affluence', 'result,', 'continue', 'burn', 'fossil', 'fuels', 'leaders', 'ignor‚Ä¶']","rt @earthkikashi: protect country regime maintaining economy affluence result, continue burn fossil fuels leaders ignor‚Ä¶","['rt', '@earthkikashi', 'protect', 'country', 'regime', 'maintain', 'economy', 'affluence', 'result', 'continue', 'burn', 'fossil', 'fuel', 'leader', 'ignor']",rt @earthkikashi protect country regime maintain economy affluence result continue burn fossil fuel leader ignor,"['rt', 'earthkikashi', 'protect', 'country', 'regime', 'maintain', 'economy', 'affluence', 'result', 'continue', 'burn', 'fossil', 'fuel', 'leader', 'ignor']","['affluence', 'protect']",['burn'],"['affluence', 'protect', 'burn']",3,1,1,0
88,88,2022-09-09T23:35:56.000Z,en,1105947487712366593,RT @anncherie49: #Fauziah just referred to #ClimateChange as ‚Äúfashionable‚Äù. Irresponsible journalism on #ABC @abcnews @BreakfastNews,1568382730651725827,"['@anncherie49:', '#fauziah', 'referred', '#climatechange', '‚Äúfashionable‚Äù.', 'irresponsible', 'journalism', '#abc', '@abcnews', '@breakfastnews']",RT @anncherie49: #Fauziah just referred to #ClimateChange as ‚Äúfashionable‚Äù. Irresponsible journalism on #ABC @abcnews @BreakfastNews,RT @anncherie49: #Fauziah just referred to #ClimateChange as ‚Äúfashionable‚Äù. Irresponsible journalism on #ABC @abcnews @BreakfastNews,"['rt', '@anncherie49:', '#fauziah', 'referred', '#climatechange', '‚Äúfashionable‚Äù.', 'irresponsible', 'journalism', '#abc', '@abcnews', '@breakfastnews']",rt @anncherie49: #fauziah referred #climatechange ‚Äúfashionable‚Äù. irresponsible journalism #abc @abcnews @breakfastnews,"['rt', '@anncherie49', 'fauziah', 'refer', 'climatechange', 'fashionable', 'irresponsible', 'journalism', 'abc', '@abcnews', '@breakfastnew']",rt @anncherie49 fauziah refer climatechange fashionable irresponsible journalism abc @abcnews @breakfastnew,"['rt', 'anncherie49', 'fauziah', 'refer', 'climatechange', 'fashionable', 'irresponsible', 'journalism', 'abc', 'abcnews', 'breakfastnew']",['fashionable'],['irresponsible'],"['fashionable', 'irresponsible']",2,1,1,0
89,89,2022-09-09T23:35:52.000Z,en,1253249515,RT @anncherie49: #Fauziah just referred to #ClimateChange as ‚Äúfashionable‚Äù. Irresponsible journalism on #ABC @abcnews @BreakfastNews,1568382710707818497,"['@anncherie49:', '#fauziah', 'referred', '#climatechange', '‚Äúfashionable‚Äù.', 'irresponsible', 'journalism', '#abc', '@abcnews', '@breakfastnews']",RT @anncherie49: #Fauziah just referred to #ClimateChange as ‚Äúfashionable‚Äù. Irresponsible journalism on #ABC @abcnews @BreakfastNews,RT @anncherie49: #Fauziah just referred to #ClimateChange as ‚Äúfashionable‚Äù. Irresponsible journalism on #ABC @abcnews @BreakfastNews,"['rt', '@anncherie49:', '#fauziah', 'referred', '#climatechange', '‚Äúfashionable‚Äù.', 'irresponsible', 'journalism', '#abc', '@abcnews', '@breakfastnews']",rt @anncherie49: #fauziah referred #climatechange ‚Äúfashionable‚Äù. irresponsible journalism #abc @abcnews @breakfastnews,"['rt', '@anncherie49', 'fauziah', 'refer', 'climatechange', 'fashionable', 'irresponsible', 'journalism', 'abc', '@abcnews', '@breakfastnew']",rt @anncherie49 fauziah refer climatechange fashionable irresponsible journalism abc @abcnews @breakfastnew,"['rt', 'anncherie49', 'fauziah', 'refer', 'climatechange', 'fashionable', 'irresponsible', 'journalism', 'abc', 'abcnews', 'breakfastnew']",['fashionable'],['irresponsible'],"['fashionable', 'irresponsible']",2,1,1,0
91,91,2022-09-09T23:35:42.000Z,en,225901906,RT @UNFPA_Arabic: The International Cooperation Forum #ICF is giving space to women and girls for a healthier plant #EgyptICF #ClimateChang‚Ä¶,1568382671797063681,"['@unfpa_arabic:', 'international', 'cooperation', 'forum', '#icf', 'giving', 'space', 'women', 'girls', 'healthier', 'plant', '#egypticf', '#climatechang‚Ä¶']",RT @UNFPA_Arabic: The International Cooperation Forum #ICF is giving space to women and girls for a healthier plant #EgyptICF #ClimateChang‚Ä¶,RT @UNFPA_Arabic: The International Cooperation Forum #ICF is giving space to women and girls for a healthier plant #EgyptICF #ClimateChang‚Ä¶,"['rt', '@unfpa_arabic:', 'international', 'cooperation', 'forum', '#icf', 'giving', 'space', 'women', 'girls', 'healthier', 'plant', '#egypticf', '#climatechang‚Ä¶']",rt @unfpa_arabic: international cooperation forum #icf giving space women girls healthier plant #egypticf #climatechang‚Ä¶,"['rt', '@unfpa_arabic', 'international', 'cooperation', 'forum', 'icf', 'give', 'space', 'woman', 'girl', 'healthy', 'plant', 'egypticf', 'climatechang']",rt @unfpa_arabic international cooperation forum icf give space woman girl healthy plant egypticf climatechang,"['rt', 'unfpa_arabic', 'international', 'cooperation', 'forum', 'icf', 'give', 'space', 'woman', 'girl', 'healthy', 'plant', 'egypticf', 'climatechang']",['healthy'],[],['healthy'],1,1,0,1
92,92,2022-09-09T23:35:37.000Z,en,19609660,#climate #change Links to FIXING CLIMATE CHANGE #climatechange #CO2 #global #warming #nature_beauty #nature #earth  ,1568382650255024128,"['#climate', '#change', 'links', 'fixing', 'climate', 'change', '#climatechange', '#co2', '#global', '#warming', '#nature_beauty', '#nature', '#earth']",#climate #change Links to FIXING CLIMATE CHANGE #climatechange #CO2 #global #warming #nature_beauty #nature #earth,#climate #change Links to FIXING CLIMATE CHANGE #climatechange #CO2 #global #warming #nature_beauty #nature #earth,"['#climate', '#change', 'links', 'fixing', '#climatechange', '#co2', '#global', '#warming', '#nature_beauty', '#nature', '#earth']",#climate #change links fixing #climatechange #co2 #global #warming #nature_beauty #nature #earth,"['climate', 'change', 'link', 'fix', 'climatechange', 'co2', 'global', 'warm', 'nature_beauty', 'nature', 'earth']",climate change link fix climatechange co2 global warm nature_beauty nature earth,"['climate', 'change', 'link', 'fix', 'climatechange', 'co2', 'global', 'warm', 'nature_beauty', 'nature', 'earth']",['warm'],[],['warm'],1,1,0,1
93,93,2022-09-09T23:35:20.000Z,en,3418339671,"RT @i_ameztoy: Summer 2022 was warmest on record for #Svalbard 1991-2020 avg. temperature at the airport: 5,5 degrees | last 10 years: 6,‚Ä¶",1568382577924534272,"['@i_ameztoy:', 'summer', '2022', 'warmest', 'record', '#svalbard', '1991-2020', 'avg.', 'temperature', 'airport:', '5,5', 'degrees', '|', '10', 'years:', '6,‚Ä¶']","RT @i_ameztoy: Summer 2022 was warmest on record for #Svalbard 1991-2020 avg. temperature at the airport: 5,5 degrees | last 10 years: 6,‚Ä¶","RT @i_ameztoy: Summer 2022 was warmest on record for #Svalbard 1991-2020 avg. temperature at the airport: 5,5 degrees | last 10 years: 6,‚Ä¶","['rt', '@i_ameztoy:', 'summer', '2022', 'warmest', 'record', '#svalbard', '1991-2020', 'avg.', 'temperature', 'airport:', '5,5', 'degrees', '|', '10', 'years:', '6,‚Ä¶']","rt @i_ameztoy: summer 2022 warmest record #svalbard 1991-2020 avg. temperature airport: 5,5 degrees | 10 years: 6,‚Ä¶","['rt', '@i_ameztoy', 'summer', '2022', 'warm', 'record', 'svalbard', '1991', '2020', 'avg', 'temperature', 'airport', '5,5', 'degree', '|', '10', 'year', '6']","rt @i_ameztoy summer 2022 warm record svalbard 1991 2020 avg temperature airport 5,5 degree | 10 year 6","['rt', 'i_ameztoy', 'summer', '2022', 'warm', 'record', 'svalbard', '1991', '2020', 'avg', 'temperature', 'airport', '5,5', 'degree', '|', '10', 'year', '6']",['warm'],[],['warm'],1,1,0,1
94,94,2022-09-09T23:34:45.000Z,en,2650617704,RT @dvdmckay: We‚Äôve got a new paper out on climate #TippingPoints in @ScienceMagazine: ‚ÄúExceeding 1.5¬∞C global warming could trigger multip‚Ä¶,1568382433078419457,"['@dvdmckay:', 'we‚Äôve', 'got', 'new', 'paper', 'climate', '#tippingpoints', '@sciencemagazine:', '‚Äúexceeding', '1.5¬∞c', 'global', 'warming', 'trigger', 'multip‚Ä¶']",RT @dvdmckay: We‚Äôve got a new paper out on climate #TippingPoints in @ScienceMagazine: ‚ÄúExceeding 1.5¬∞C global warming could trigger multip‚Ä¶,RT @dvdmckay: We‚Äôve got a new paper out on climate #TippingPoints in @ScienceMagazine: ‚ÄúExceeding 1.5¬∞C global warming could trigger multip‚Ä¶,"['rt', '@dvdmckay:', 'we‚Äôve', 'new', 'paper', '#tippingpoints', '@sciencemagazine:', '‚Äúexceeding', '1.5¬∞c', 'global', 'warming', 'trigger', 'multip‚Ä¶']",rt @dvdmckay: we‚Äôve new paper #tippingpoints @sciencemagazine: ‚Äúexceeding 1.5¬∞c global warming trigger multip‚Ä¶,"['rt', '@dvdmckay', 'new', 'paper', 'tippingpoint', '@sciencemagazine', 'exceed', '1.5', '¬∞', 'c', 'global', 'warming', 'trigger', 'multip']",rt @dvdmckay new paper tippingpoint @sciencemagazine exceed 1.5 ¬∞ c global warming trigger multip,"['rt', 'dvdmckay', 'new', 'paper', 'tippingpoint', 'sciencemagazine', 'exceed', '1.5', '¬∞', 'c', 'global', 'warming', 'trigger', 'multip']",['exceed'],[],['exceed'],1,1,0,1
95,95,2022-09-09T23:34:30.000Z,en,225901906,RT @UNFPA_Arabic: Supporting women and girls in addressing #ClimateChange #EgyptICF @COP27P @UNFCCC ,1568382369853480961,"['@unfpa_arabic:', 'supporting', 'women', 'girls', 'addressing', '#climatechange', '#egypticf', '@cop27p', '@unfccc']",RT @UNFPA_Arabic: Supporting women and girls in addressing #ClimateChange #EgyptICF @COP27P @UNFCCC,RT @UNFPA_Arabic: Supporting women and girls in addressing #ClimateChange #EgyptICF @COP27P @UNFCCC,"['rt', '@unfpa_arabic:', 'supporting', 'women', 'girls', 'addressing', '#climatechange', '#egypticf', '@cop27p', '@unfccc']",rt @unfpa_arabic: supporting women girls addressing #climatechange #egypticf @cop27p @unfccc,"['rt', '@unfpa_arabic', 'support', 'woman', 'girl', 'address', 'climatechange', 'egypticf', '@cop27p', '@unfccc']",rt @unfpa_arabic support woman girl address climatechange egypticf @cop27p @unfccc,"['rt', 'unfpa_arabic', 'support', 'woman', 'girl', 'address', 'climatechange', 'egypticf', 'cop27p', 'unfccc']",['support'],[],['support'],1,1,0,1
97,97,2022-09-09T23:33:44.000Z,qht,1315918007550369792,#ClimateChange #GlobalWarming #ClimateEmergency #Aridification #Drought #Heatwave ,1568382177133600769,"['#climatechange', '#globalwarming', '#climateemergency', '#aridification', '#drought', '#heatwave']",#ClimateChange #GlobalWarming #ClimateEmergency #Aridification #Drought #Heatwave,#ClimateChange #GlobalWarming #ClimateEmergency #Aridification #Drought #Heatwave,"['#climatechange', '#globalwarming', '#climateemergency', '#aridification', '#drought', '#heatwave']",#climatechange #globalwarming #climateemergency #aridification #drought #heatwave,"['climatechange', 'globalwarme', 'climateemergency', 'aridification', 'drought', 'heatwave']",climatechange globalwarme climateemergency aridification drought heatwave,"['climatechange', 'globalwarme', 'climateemergency', 'aridification', 'drought', 'heatwave']",[],['drought'],['drought'],1,0,1,-1
99,99,2022-09-09T23:31:34.000Z,en,1431395987948441602,RT @warrenswil: #POTUS signs huge new #ClimateChange law at WH gala It‚Äôs a WINNER for #DEMS! #GOP doesn‚Äôt care about #ClimateCrisis Every s‚Ä¶,1568381629256589315,"['@warrenswil:', '#potus', 'signs', 'huge', 'new', '#climatechange', 'law', 'wh', 'gala', 'winner', '#dems!', '#gop', 'doesn‚Äôt', 'care', '#climatecrisis', 's‚Ä¶']",RT @warrenswil: #POTUS signs huge new #ClimateChange law at WH gala It‚Äôs a WINNER for #DEMS! #GOP doesn‚Äôt care about #ClimateCrisis Every s‚Ä¶,RT @warrenswil: #POTUS signs huge new #ClimateChange law at WH gala It‚Äôs a WINNER for #DEMS! #GOP doesn‚Äôt care about #ClimateCrisis Every s‚Ä¶,"['rt', '@warrenswil:', '#potus', 'signs', 'huge', 'new', '#climatechange', 'law', 'wh', 'gala', 'winner', '#dems!', '#gop', 'doesn‚Äôt', 'care', '#climatecrisis', 's‚Ä¶']",rt @warrenswil: #potus signs huge new #climatechange law wh gala winner #dems! #gop doesn‚Äôt care #climatecrisis s‚Ä¶,"['rt', '@warrenswil', 'potus', 'sign', 'huge', 'new', 'climatechange', 'law', 'wh', 'gala', 'winner', 'dem', 'gop', 'care', 'climatecrisis', 's']",rt @warrenswil potus sign huge new climatechange law wh gala winner dem gop care climatecrisis s,"['rt', 'warrenswil', 'potus', 'sign', 'huge', 'new', 'climatechange', 'law', 'wh', 'gala', 'winner', 'dem', 'gop', 'care', 'climatecrisis', 's']",['winner'],[],['winner'],1,1,0,1
